offset,idx,rank,"event_code_($BA,$xx,$yy)",formationid_1,escape_%,abp,visible_enemy,enemy_1,enemy_2,enemy_3,enemy_4,enemy_5,enemy_6,enemy_7,enemy_8,formationid_13,formationid_14,formationid_15,formationid_16,enemy_1_name,enemy_2_name,enemy_3_name,enemy_4_name,enemy_5_name,enemy_6_name,enemy_7_name,enemy_8_name
D03000,1,standard,4E,00,64,01,80,00,FF,FF,FF,FF,FF,FF,FF,00,00,00,00,Goblin, , , , , , , 
D03010,2,standard,,00,64,01,C0,01,01,FF,FF,FF,FF,FF,FF,00,00,00,00,Killer Bee,Killer Bee, , , , , , 
D03020,3,standard,,00,64,01,E0,00,00,00,FF,FF,FF,FF,FF,00,00,00,00,Goblin,Goblin,Goblin, , , , , 
D03030,4,standard,,00,64,01,E0,01,01,00,FF,FF,FF,FF,FF,04,00,00,00,Killer Bee,Killer Bee,Goblin, , , , , 
D03040,5,standard,,00,64,02,E0,02,02,02,FF,FF,FF,FF,FF,00,00,00,00,Nut Eater,Nut Eater,Nut Eater, , , , , 
D03050,6,standard,,00,64,01,F0,03,03,03,03,FF,FF,FF,FF,00,00,00,00,Stray Cat,Stray Cat,Stray Cat,Stray Cat, , , , 
D03060,7,standard,,00,64,01,E0,03,01,02,03,FF,FF,FF,FF,18,00,00,00,Stray Cat,Killer Bee,Nut Eater,Stray Cat, , , , 
D03070,8,standard,,00,46,01,C0,04,04,FF,FF,FF,FF,FF,FF,00,00,00,00,Steel Bat,Steel Bat, , , , , , 
D03080,9,standard,,00,46,01,E0,04,04,05,FF,FF,FF,FF,FF,04,00,00,00,Steel Bat,Steel Bat,Dearo, , , , , 
D03090,10,standard,,00,46,01,C0,05,05,FF,FF,FF,FF,FF,FF,00,00,00,00,Dearo,Dearo, , , , , , 
D030A0,11,standard,,00,46,01,E0,04,04,04,FF,FF,FF,FF,FF,00,00,00,00,Steel Bat,Steel Bat,Steel Bat, , , , , 
D030B0,12,standard,,00,46,01,C0,06,06,FF,FF,FF,FF,FF,FF,00,00,00,00,Stroper,Stroper, , , , , , 
D030C0,13,standard,,00,46,01,E0,06,06,04,FF,FF,FF,FF,FF,04,00,00,00,Stroper,Stroper,Steel Bat, , , , , 
D030D0,14,standard,,00,46,01,C0,07,07,FF,FF,FF,FF,FF,FF,00,00,00,00,Black Goblin,Black Goblin, , , , , , 
D030E0,15,standard,,00,46,01,80,08,FF,FF,FF,FF,FF,FF,FF,00,00,00,00,White Snake, , , , , , , 
D030F0,16,standard,,00,46,01,C0,08,07,FF,FF,FF,FF,FF,FF,10,00,00,00,White Snake,Black Goblin, , , , , , 
D03100,17,standard,,00,46,01,E0,09,07,08,FF,FF,FF,FF,FF,18,00,00,00,Mold Wind,Black Goblin,White Snake, , , , , 
D03110,18,standard,,00,46,01,E0,09,09,09,FF,FF,FF,FF,FF,00,00,00,00,Mold Wind,Mold Wind,Mold Wind, , , , , 
D03120,19,standard,,00,46,01,E0,0A,09,07,FF,FF,FF,FF,FF,18,00,00,00,ManiWizard,Mold Wind,Black Goblin, , , , , 
D03130,20,standard,,00,46,01,C0,0A,08,FF,FF,FF,FF,FF,FF,10,00,00,00,ManiWizard,White Snake, , , , , , 
D03140,21,standard,,00,46,02,E0,0A,0A,0A,FF,FF,FF,FF,FF,00,00,00,00,ManiWizard,ManiWizard,ManiWizard, , , , , 
D03150,22,standard,,00,46,01,C0,0D,0D,FF,FF,FF,FF,FF,FF,00,00,00,00,Octoraken,Octoraken, , , , , , 
D03160,23,standard,,00,46,01,C0,0C,0C,FF,FF,FF,FF,FF,FF,00,00,00,00,Sucker,Sucker, , , , , , 
D03170,24,standard,,00,46,02,E0,0C,0C,0D,FF,FF,FF,FF,FF,04,00,00,00,Sucker,Sucker,Octoraken, , , , , 
D03180,25,standard,,00,46,02,E0,0D,0D,0C,FF,FF,FF,FF,FF,04,00,00,00,Octoraken,Octoraken,Sucker, , , , , 
D03190,26,standard,,00,64,01,80,0E,FF,FF,FF,FF,FF,FF,FF,00,00,00,00,Gatlings, , , , , , , 
D031A0,27,standard,,00,64,01,E0,0E,0E,0F,FF,FF,FF,FF,FF,04,00,00,00,Gatlings,Gatlings,Bighorn, , , , , 
D031B0,28,standard,,00,64,01,C0,10,10,FF,FF,FF,FF,FF,FF,00,00,00,00,Tatu,Tatu, , , , , , 
D031C0,29,standard,,00,64,01,E0,0F,0E,10,FF,FF,FF,FF,FF,18,00,00,00,Bighorn,Gatlings,Tatu, , , , , 
D031D0,30,standard,,00,64,02,E0,10,10,0E,FF,FF,FF,FF,FF,04,00,00,00,Tatu,Tatu,Gatlings, , , , , 
D031E0,31,standard,,00,64,01,C0,0F,0F,FF,FF,FF,FF,FF,FF,00,00,00,00,Bighorn,Bighorn, , , , , , 
D031F0,32,standard,,00,64,01,80,11,FF,FF,FF,FF,FF,FF,FF,00,00,00,00,Bander S., , , , , , , 
D03200,33,standard,,00,64,01,C0,11,0F,FF,FF,FF,FF,FF,FF,10,00,00,00,Bander S.,Bighorn, , , , , , 
D03210,34,standard,,00,64,03,E0,11,11,11,FF,FF,FF,FF,FF,00,00,00,00,Bander S.,Bander S.,Bander S., , , , , 
D03220,35,standard,,00,64,01,80,12,FF,FF,FF,FF,FF,FF,FF,00,00,00,00,Galura, , , , , , , 
D03230,36,standard,,00,46,01,80,13,FF,FF,FF,FF,FF,FF,FF,00,00,00,00,Skeleton, , , , , , , 
D03240,37,standard,,00,46,01,E0,13,13,13,FF,FF,FF,FF,FF,00,00,00,00,Skeleton,Skeleton,Skeleton, , , , , 
D03250,38,standard,,00,46,02,F0,14,14,13,13,FF,FF,FF,FF,05,00,00,00,Carcurser,Carcurser,Skeleton,Skeleton, , , , 
D03260,39,standard,,00,46,01,80,15,FF,FF,FF,FF,FF,FF,FF,00,00,00,00,UndeadRusk, , , , , , , 
D03270,40,standard,,00,46,01,E0,15,13,14,FF,FF,FF,FF,FF,18,00,00,00,UndeadRusk,Skeleton,Carcurser, , , , , 
D03280,41,standard,,00,46,01,C0,15,16,FF,FF,FF,FF,FF,FF,10,00,00,00,UndeadRusk,PsychoHead, , , , , , 
D03290,42,standard,,00,46,01,F0,13,13,13,16,FF,FF,FF,FF,01,00,00,00,Skeleton,Skeleton,Skeleton,PsychoHead, , , , 
D032A0,43,standard,,00,46,01,E0,16,16,15,FF,FF,FF,FF,FF,04,00,00,00,PsychoHead,PsychoHead,UndeadRusk, , , , , 
D032B0,44,standard,,00,46,02,E0,16,14,13,FF,FF,FF,FF,FF,18,00,00,00,PsychoHead,Carcurser,Skeleton, , , , , 
D032C0,45,standard,,00,46,03,C0,15,15,FF,FF,FF,FF,FF,FF,00,00,00,00,UndeadRusk,UndeadRusk, , , , , , 
D032D0,46,standard,,00,46,01,C0,17,17,FF,FF,FF,FF,FF,FF,00,00,00,00,RockGarter,RockGarter, , , , , , 
D032E0,47,standard,,00,46,01,80,18,FF,FF,FF,FF,FF,FF,FF,00,00,00,00,Gala Cat, , , , , , , 
D032F0,48,standard,,00,46,01,E0,17,17,18,FF,FF,FF,FF,FF,04,00,00,00,RockGarter,RockGarter,Gala Cat, , , , , 
D03300,49,standard,,00,46,02,E0,18,18,18,FF,FF,FF,FF,FF,00,00,00,00,Gala Cat,Gala Cat,Gala Cat, , , , , 
D03310,50,standard,,00,46,01,80,19,FF,FF,FF,FF,FF,FF,FF,00,00,00,00,Cockatrice, , , , , , , 
D03320,51,standard,,00,46,01,E0,19,17,17,FF,FF,FF,FF,FF,14,00,00,00,Cockatrice,RockGarter,RockGarter, , , , , 
D03330,52,standard,,00,46,01,C0,19,19,FF,FF,FF,FF,FF,FF,00,00,00,00,Cockatrice,Cockatrice, , , , , , 
D03340,53,standard,,00,46,02,F8,1A,1A,1A,1A,1A,FF,FF,FF,00,00,00,00,Blocks,Blocks,Blocks,Blocks,Blocks, , , 
D03350,54,standard,,00,46,01,F0,1A,1A,17,17,FF,FF,FF,FF,05,00,00,00,Blocks,Blocks,RockGarter,RockGarter, , , , 
D03360,55,standard,,00,46,01,E0,1B,1B,1B,FF,FF,FF,FF,FF,00,00,00,00,Elf Toad,Elf Toad,Elf Toad, , , , , 
D03370,56,standard,,00,46,01,C0,1C,1C,FF,FF,FF,FF,FF,FF,00,00,00,00,IceSoldier,IceSoldier, , , , , , 
D03380,57,standard,,00,46,01,E0,1B,1B,1C,FF,FF,FF,FF,FF,04,00,00,00,Elf Toad,Elf Toad,IceSoldier, , , , , 
D03390,58,standard,,00,46,02,E0,1D,1C,1C,FF,FF,FF,FF,FF,14,00,00,00,RikaldMage,IceSoldier,IceSoldier, , , , , 
D033A0,59,standard,,00,46,03,E0,1D,1D,1D,FF,FF,FF,FF,FF,00,00,00,00,RikaldMage,RikaldMage,RikaldMage, , , , , 
D033B0,60,standard,,00,46,01,80,1E,FF,FF,FF,FF,FF,FF,FF,00,00,00,00,Wyvern, , , , , , , 
D033C0,61,standard,,00,46,01,C0,1E,1F,FF,FF,FF,FF,FF,FF,10,00,00,00,Wyvern,Padosule, , , , , , 
D033D0,62,standard,,00,46,01,80,1F,FF,FF,FF,FF,FF,FF,FF,00,00,00,00,Padosule, , , , , , , 
D033E0,63,standard,,00,46,01,E0,1F,1D,1C,FF,FF,FF,FF,FF,18,00,00,00,Padosule,RikaldMage,IceSoldier, , , , , 
D033F0,64,standard,,00,46,01,C0,1F,1F,FF,FF,FF,FF,FF,FF,00,00,00,00,Padosule,Padosule, , , , , , 
D03400,65,standard,,00,46,02,C0,1E,1E,FF,FF,FF,FF,FF,FF,00,00,00,00,Wyvern,Wyvern, , , , , , 
D03410,66,standard,,00,64,01,E0,21,21,21,FF,FF,FF,FF,FF,00,00,00,00,Aegil,Aegil,Aegil, , , , , 
D03420,67,standard,,00,64,01,80,22,FF,FF,FF,FF,FF,FF,FF,00,00,00,00,Zuu, , , , , , , 
D03430,68,standard,,00,64,01,E0,22,21,21,FF,FF,FF,FF,FF,14,00,00,00,Zuu,Aegil,Aegil, , , , , 
D03440,69,standard,,00,64,01,F8,23,23,23,23,23,FF,FF,FF,00,00,00,00,Wild Nack,Wild Nack,Wild Nack,Wild Nack,Wild Nack, , , 
D03450,70,standard,,00,64,01,C0,24,24,FF,FF,FF,FF,FF,FF,00,00,00,00,GrassTurtle,GrassTurtle, , , , , , 
D03460,71,standard,,00,64,01,E0,21,21,24,FF,FF,FF,FF,FF,04,00,00,00,Aegil,Aegil,GrassTurtle, , , , , 
D03470,72,standard,,00,64,01,E0,22,24,21,FF,FF,FF,FF,FF,18,00,00,00,Zuu,GrassTurtle,Aegil, , , , , 
D03480,73,standard,,00,64,01,F0,25,25,25,25,FF,FF,FF,FF,00,00,00,00,Silent Bee,Silent Bee,Silent Bee,Silent Bee, , , , 
D03490,74,standard,,00,64,02,E0,26,25,24,FF,FF,FF,FF,FF,18,00,00,00,Mithril Drgn,Silent Bee,GrassTurtle, , , , , 
D034A0,75,standard,,00,64,01,80,26,FF,FF,FF,FF,FF,FF,FF,00,00,00,00,Mithril Drgn, , , , , , , 
D034B0,76,standard,,00,64,02,E0,26,26,26,FF,FF,FF,FF,FF,00,00,00,00,Mithril Drgn,Mithril Drgn,Mithril Drgn, , , , , 
D034C0,77,standard,,00,64,03,80,27,FF,FF,FF,FF,FF,FF,FF,00,00,08,00,Ramuh, , , , , , , 
D034D0,78,standard,,00,46,01,C0,28,28,FF,FF,FF,FF,FF,FF,00,00,00,00,Crew Dust,Crew Dust, , , , , , 
D034E0,79,standard,,00,46,02,F0,28,28,28,28,FF,FF,FF,FF,00,00,00,00,Crew Dust,Crew Dust,Crew Dust,Crew Dust, , , , 
D034F0,80,standard,,00,46,01,E0,28,28,2B,2B,2A,2A,FF,FF,04,A0,00,00,Crew Dust,Crew Dust,Defeater,Defeater,Motor Trap,Motor Trap, , 
D03500,81,standard,,00,46,01,C0,29,2B,2B,2B,2A,2A,FF,FF,10,A0,00,00,PoItergeist,Defeater,Defeater,Defeater,Motor Trap,Motor Trap, , 
D03510,82,standard,,00,46,01,E0,28,28,29,FF,FF,FF,FF,FF,04,00,00,00,Crew Dust,Crew Dust,PoItergeist, , , , , 
D03520,83,standard,,00,46,02,C0,29,29,FF,FF,FF,FF,FF,FF,00,00,00,00,PoItergeist,PoItergeist, , , , , , 
D03530,84,standard,,00,46,02,F0,28,28,2B,2B,2A,2A,FF,FF,05,A0,00,00,Crew Dust,Crew Dust,Defeater,Defeater,Motor Trap,Motor Trap, , 
D03540,85,standard,,00,46,01,80,2B,2B,2B,2B,2A,2A,FF,FF,00,50,00,00,Defeater,Defeater,Defeater,Defeater,Motor Trap,Motor Trap, , 
D03550,86,standard,,00,46,02,F0,28,2B,2B,2B,2A,2A,FF,FF,15,A0,00,00,Crew Dust,Defeater,Defeater,Defeater,Motor Trap,Motor Trap, , 
D03560,87,standard,,00,01,03,F0,2D,2F,2F,2F,FF,FF,FF,FF,15,00,C0,00,Sergeant,Karnak,Karnak,Karnak, , , , 
D03570,88,standard,62,00,05,03,C0,2E,2E,FF,FF,FF,FF,FF,FF,00,00,C0,00,Sorcerer,Sorcerer, , , , , , 
D03580,89,standard,60,00,05,03,E0,2E,2F,2F,FF,FF,FF,FF,FF,14,00,C0,00,Sorcerer,Karnak,Karnak, , , , , 
D03590,90,standard,,00,05,02,80,2F,FF,FF,FF,FF,FF,FF,FF,00,00,C0,00,Karnak, , , , , , , 
D035A0,91,standard,61,00,05,03,80,30,FF,FF,FF,FF,FF,FF,FF,00,00,C0,00,Gigas, , , , , , , 
D035B0,92,standard,63,00,05,03,E0,30,2E,2F,FF,FF,FF,FF,FF,18,00,C0,00,Gigas,Sorcerer,Karnak, , , , , 
D035C0,93,standard,3C,02,50,01,80,31,32,FF,FF,FF,FF,FF,FF,10,00,00,00,Page 32,Page 64, , , , , , 
D035D0,94,standard,,02,50,01,80,32,31,32,FF,FF,FF,FF,FF,10,00,00,00,Page 64,Page 32,Page 64, , , , , 
D035E0,95,standard,,02,50,01,80,32,32,32,FF,FF,FF,FF,FF,00,00,00,00,Page 64,Page 64,Page 64, , , , , 
D035F0,96,standard,,02,50,01,80,31,31,33,33,FF,FF,FF,FF,05,00,00,00,Page 32,Page 32,Page 128,Page 128, , , , 
D03600,97,standard,,02,50,01,80,32,33,33,31,FF,FF,FF,FF,16,00,00,00,Page 64,Page 128,Page 128,Page 32, , , , 
D03610,98,standard,,02,50,01,80,31,32,33,FF,FF,FF,FF,FF,18,00,00,00,Page 32,Page 64,Page 128, , , , , 
D03620,99,standard,,02,50,02,80,32,34,31,FF,FF,FF,FF,FF,18,00,00,00,Page 64,Page 256,Page 32, , , , , 
D03630,100,standard,,02,50,02,80,33,33,34,FF,FF,FF,FF,FF,04,00,00,00,Page 128,Page 128,Page 256, , , , , 
D03640,101,standard,,02,50,02,80,33,32,34,33,FF,FF,FF,FF,18,00,00,00,Page 128,Page 64,Page 256,Page 128, , , , 
D03650,102,standard,,02,50,04,80,31,32,33,34,33,32,31,FF,18,90,00,00,Page 32,Page 64,Page 128,Page 256,Page 128,Page 64,Page 32, 
D03660,103,standard,,00,64,01,C0,36,36,FF,FF,FF,FF,FF,FF,00,00,00,00,Bomb,Bomb, , , , , , 
D03670,104,standard,,00,64,01,E0,36,36,37,FF,FF,FF,FF,FF,04,00,00,00,Bomb,Bomb,TwinLizard, , , , , 
D03680,105,standard,,00,64,01,E0,37,37,37,FF,FF,FF,FF,FF,00,00,00,00,TwinLizard,TwinLizard,TwinLizard, , , , , 
D03690,106,standard,,00,64,02,F0,36,36,36,36,FF,FF,FF,FF,00,00,00,00,Bomb,Bomb,Bomb,Bomb, , , , 
D036A0,107,standard,,00,64,02,C0,38,38,FF,FF,FF,FF,FF,FF,00,00,00,00,BioSoldier,BioSoldier, , , , , , 
D036B0,108,standard,,00,64,01,E0,38,37,39,FF,FF,FF,FF,FF,18,00,00,00,BioSoldier,TwinLizard,Crescent, , , , , 
D036C0,109,standard,,00,64,01,E0,39,39,37,FF,FF,FF,FF,FF,04,00,00,00,Crescent,Crescent,TwinLizard, , , , , 
D036D0,110,standard,,00,64,01,F0,39,39,3A,3A,FF,FF,FF,FF,05,00,00,00,Crescent,Crescent,BlackFlame,BlackFlame, , , , 
D036E0,111,standard,,00,64,03,F8,3A,3A,3A,3A,3A,FF,FF,FF,00,00,00,00,BlackFlame,BlackFlame,BlackFlame,BlackFlame,BlackFlame, , , 
D036F0,112,standard,,00,64,02,E0,3B,3A,3A,FF,FF,FF,FF,FF,14,00,00,00,StoneGolem,BlackFlame,BlackFlame, , , , , 
D03700,113,standard,,00,64,03,F8,3C,3C,3C,3C,3C,FF,FF,FF,00,00,00,00,MiniDragon,MiniDragon,MiniDragon,MiniDragon,MiniDragon, , , 
D03710,114,standard,,00,32,04,80,3D,FF,FF,FF,FF,FF,FF,FF,00,00,00,00,Prototype, , , , , , , 
D03720,115,standard,,00,64,03,80,3E,FF,FF,FF,FF,FF,FF,FF,00,00,00,00,D.Chimera, , , , , , , 
D03730,116,standard,,00,0A,01,E0,3F,3F,3F,FF,FF,FF,FF,FF,00,00,00,00,Sand Porky,Sand Porky,Sand Porky, , , , , 
D03740,117,standard,,00,0A,02,F8,3F,3F,3F,3F,3F,FF,FF,FF,00,00,00,00,Sand Porky,Sand Porky,Sand Porky,Sand Porky,Sand Porky, , , 
D03750,118,standard,,00,0A,01,C0,40,40,FF,FF,FF,FF,FF,FF,00,00,00,00,Sand Killer,Sand Killer, , , , , , 
D03760,119,standard,,00,0A,02,E0,40,3F,3F,FF,FF,FF,FF,FF,14,00,00,00,Sand Killer,Sand Porky,Sand Porky, , , , , 
D03770,120,standard,,00,0A,01,80,41,FF,FF,FF,FF,FF,FF,FF,00,00,00,00,Sand Bear, , , , , , , 
D03780,121,standard,,00,0A,02,E0,41,40,3F,FF,FF,FF,FF,FF,18,00,00,00,Sand Bear,Sand Killer,Sand Porky, , , , , 
D03790,122,standard,,00,3C,01,C0,42,43,FF,FF,FF,FF,FF,FF,10,00,00,00,Ra Mage,LonkaKnght, , , , , , 
D037A0,123,standard,,00,3C,02,E0,43,43,43,FF,FF,FF,FF,FF,00,00,00,00,LonkaKnght,LonkaKnght,LonkaKnght, , , , , 
D037B0,124,standard,,00,3C,01,F8,42,42,44,44,44,FF,FF,FF,05,40,00,00,Ra Mage,Ra Mage,StonedMask,StonedMask,StonedMask, , , 
D037C0,125,standard,,00,3C,01,F0,43,43,44,44,FF,FF,FF,FF,05,00,00,00,LonkaKnght,LonkaKnght,StonedMask,StonedMask, , , , 
D037D0,126,standard,,00,3C,01,80,45,FF,FF,FF,FF,FF,FF,FF,00,00,00,00,Whirl Demon, , , , , , , 
D037E0,127,standard,,00,3C,02,C0,45,45,FF,FF,FF,FF,FF,FF,00,00,00,00,Whirl Demon,Whirl Demon, , , , , , 
D037F0,128,standard,,00,3C,03,E0,45,43,43,FF,FF,FF,FF,FF,14,00,00,00,Whirl Demon,LonkaKnght,LonkaKnght, , , , , 
D03800,129,standard,,00,3C,01,80,46,FF,FF,FF,FF,FF,FF,FF,00,00,00,00,Lamia, , , , , , , 
D03810,130,standard,,00,3C,01,F0,46,44,44,44,FF,FF,FF,FF,15,00,00,00,Lamia,StonedMask,StonedMask,StonedMask, , , , 
D03820,131,standard,,00,3C,02,E0,47,47,47,FF,FF,FF,FF,FF,00,00,00,00,ArchaeToad,ArchaeToad,ArchaeToad, , , , , 
D03830,132,standard,,00,3C,02,E0,47,45,46,FF,FF,FF,FF,FF,18,00,00,00,ArchaeToad,Whirl Demon,Lamia, , , , , 
D03840,133,standard,,00,3C,02,80,48,FF,FF,FF,FF,FF,FF,FF,00,00,00,00,Hyudora, , , , , , , 
D03850,134,standard,,00,3C,03,E0,48,42,43,FF,FF,FF,FF,FF,18,00,00,00,Hyudora,Ra Mage,LonkaKnght, , , , , 
D03860,135,standard,,00,05,04,80,49,FF,FF,FF,FF,FF,FF,FF,00,00,00,00,Hydra, , , , , , , 
D03870,136,standard,,00,5A,01,E0,4A,4A,4A,FF,FF,FF,FF,FF,00,00,00,00,Water Buzz,Water Buzz,Water Buzz, , , , , 
D03880,137,standard,,00,5A,01,E0,4B,4B,4B,FF,FF,FF,FF,FF,00,00,00,00,Torrent,Torrent,Torrent, , , , , 
D03890,138,standard,,00,5A,01,E0,4C,4C,4C,FF,FF,FF,FF,FF,00,00,00,00,Rock Brain,Rock Brain,Rock Brain, , , , , 
D038A0,139,standard,,00,5A,01,E0,4C,4B,4A,FF,FF,FF,FF,FF,18,00,00,00,Rock Brain,Torrent,Water Buzz, , , , , 
D038B0,140,standard,,00,5A,02,F0,4C,4C,4B,4B,FF,FF,FF,FF,05,00,00,00,Rock Brain,Rock Brain,Torrent,Torrent, , , , 
D038C0,141,standard,,00,64,01,C0,4D,4D,FF,FF,FF,FF,FF,FF,00,00,00,00,Tarantula,Tarantula, , , , , , 
D038D0,142,standard,,00,64,01,F0,4D,4D,4D,4D,FF,FF,FF,FF,00,00,00,00,Tarantula,Tarantula,Tarantula,Tarantula, , , , 
D038E0,143,standard,,00,64,01,80,4E,FF,FF,FF,FF,FF,FF,FF,00,00,00,00,Jail Bear, , , , , , , 
D038F0,144,standard,,00,64,01,E0,4E,4D,4D,FF,FF,FF,FF,FF,14,00,00,00,Jail Bear,Tarantula,Tarantula, , , , , 
D03900,145,standard,,00,50,01,C0,4F,4F,FF,FF,FF,FF,FF,FF,00,00,00,00,Lunenta,Lunenta, , , , , , 
D03910,146,standard,,00,50,01,E0,4F,50,50,FF,FF,FF,FF,FF,14,00,00,00,Lunenta,Dilure,Dilure, , , , , 
D03920,147,standard,,00,50,01,F8,50,50,50,50,50,FF,FF,FF,00,00,00,00,Dilure,Dilure,Dilure,Dilure,Dilure, , , 
D03930,148,standard,,00,50,02,E0,51,51,51,FF,FF,FF,FF,FF,00,00,00,00,Faerie Orc,Faerie Orc,Faerie Orc, , , , , 
D03940,149,standard,,00,50,01,E0,51,4F,50,FF,FF,FF,FF,FF,18,00,00,00,Faerie Orc,Lunenta,Dilure, , , , , 
D03950,150,standard,,00,50,02,E0,52,51,51,FF,FF,FF,FF,FF,14,00,00,00,Devourer,Faerie Orc,Faerie Orc, , , , , 
D03960,151,standard,,00,50,01,E0,53,52,52,FF,FF,FF,FF,FF,14,00,00,00,Mandrake,Devourer,Devourer, , , , , 
D03970,152,standard,,00,50,01,E0,53,4F,50,FF,FF,FF,FF,FF,18,00,00,00,Mandrake,Lunenta,Dilure, , , , , 
D03980,153,standard,,00,50,01,E0,52,4F,4F,FF,FF,FF,FF,FF,14,00,00,00,Devourer,Lunenta,Lunenta, , , , , 
D03990,154,standard,,00,1E,03,80,54,FF,FF,FF,FF,FF,FF,FF,00,00,00,00,Kuzar, , , , , , , 
D039A0,155,standard,,00,80,01,E0,55,55,55,FF,FF,FF,FF,FF,00,00,00,00,Cactus,Cactus,Cactus, , , , , 
D039B0,156,standard,,00,80,02,80,56,FF,FF,FF,FF,FF,FF,FF,00,00,00,00,Sand Crawl, , , , , , , 
D039C0,157,standard,,00,80,04,E0,56,55,55,FF,FF,FF,FF,FF,14,00,00,00,Sand Crawl,Cactus,Cactus, , , , , 
D039D0,158,standard,,00,01,05,80,57,FF,FF,FF,FF,FF,FF,FF,00,00,00,00,ShieldDrgn, , , , , , , 
D039E0,159,standard,,00,3C,01,E0,58,58,58,FF,FF,FF,FF,FF,00,00,00,00,Blood Slime,Blood Slime,Blood Slime, , , , , 
D039F0,160,standard,,00,3C,02,FC,58,58,58,58,58,58,FF,FF,00,00,00,00,Blood Slime,Blood Slime,Blood Slime,Blood Slime,Blood Slime,Blood Slime, , 
D03A00,161,standard,3D,00,3C,01,F0,59,59,59,59,FF,FF,FF,FF,00,00,00,00,Acrophese,Acrophese,Acrophese,Acrophese, , , , 
D03A10,162,standard,3E,00,3C,01,C0,5A,5A,FF,FF,FF,FF,FF,FF,00,00,00,00,MooglEater,MooglEater, , , , , , 
D03A20,163,standard,3F,00,3C,02,E0,5A,59,58,FF,FF,FF,FF,FF,18,00,00,00,MooglEater,Acrophese,Blood Slime, , , , , 
D03A30,164,standard,,00,3C,01,80,5B,FF,FF,FF,FF,FF,FF,FF,00,00,00,00,Lopros, , , , , , , 
D03A40,165,standard,,00,3C,02,C0,5B,5B,FF,FF,FF,FF,FF,FF,00,00,00,00,Lopros,Lopros, , , , , , 
D03A50,166,standard,,00,64,03,80,72,FF,FF,FF,FF,FF,FF,FF,00,00,00,00,Shoat, , , , , , , 
D03A60,167,standard,,00,46,05,80,5C,5C,5C,5C,5C,5C,FF,FF,00,00,00,00,Skull Eater,Skull Eater,Skull Eater,Skull Eater,Skull Eater,Skull Eater, , 
D03A70,168,standard,,00,64,01,80,8A,FF,FF,FF,FF,FF,FF,FF,00,00,00,00,Pao, , , , , , , 
D03A80,169,standard,,00,50,01,80,5D,FF,FF,FF,FF,FF,FF,FF,00,00,00,00,Aquathone, , , , , , , 
D03A90,170,standard,,00,50,01,C0,5E,5E,FF,FF,FF,FF,FF,FF,00,00,00,00,Weresnake,Weresnake, , , , , , 
D03AA0,171,standard,,00,50,01,E0,5F,5F,5F,FF,FF,FF,FF,FF,00,00,00,00,Conago,Conago,Conago, , , , , 
D03AB0,172,standard,,00,50,02,E0,5F,5E,5D,FF,FF,FF,FF,FF,18,00,00,00,Conago,Weresnake,Aquathone, , , , , 
D03AC0,173,standard,,00,50,01,C0,60,5D,FF,FF,FF,FF,FF,FF,10,00,00,00,Ridicule,Aquathone, , , , , , 
D03AD0,174,standard,,00,50,01,E0,60,5F,5F,FF,FF,FF,FF,FF,14,00,00,00,Ridicule,Conago,Conago, , , , , 
D03AE0,175,standard,,00,50,02,F0,60,60,5E,5F,FF,FF,FF,FF,06,00,00,00,Ridicule,Ridicule,Weresnake,Conago, , , , 
D03AF0,176,standard,,00,0A,01,80,61,FF,FF,FF,FF,FF,FF,FF,00,00,00,00,Andagranda, , , , , , , 
D03B00,177,standard,,00,0A,03,F0,61,61,61,61,FF,FF,FF,FF,00,00,00,00,Andagranda,Andagranda,Andagranda,Andagranda, , , , 
D03B10,178,standard,,00,46,01,C0,62,62,FF,FF,FF,FF,FF,FF,00,00,00,00,Drippy,Drippy, , , , , , 
D03B20,179,standard,,00,46,01,80,63,FF,FF,FF,FF,FF,FF,FF,00,00,00,00,Likaon, , , , , , , 
D03B30,180,standard,,00,46,02,F8,63,63,63,63,63,FF,FF,FF,00,00,00,00,Likaon,Likaon,Likaon,Likaon,Likaon, , , 
D03B40,181,standard,,00,46,02,E0,64,62,62,FF,FF,FF,FF,FF,14,00,00,00,BoneDragon,Drippy,Drippy, , , , , 
D03B50,182,standard,,00,46,01,C0,65,65,FF,FF,FF,FF,FF,FF,00,00,00,00,Sting Eagle,Sting Eagle, , , , , , 
D03B60,183,standard,,00,46,01,C0,65,62,62,FF,FF,FF,FF,FF,14,00,00,00,Sting Eagle,Drippy,Drippy, , , , , 
D03B70,184,standard,,00,46,02,F0,64,65,63,63,FF,FF,FF,FF,1A,00,00,00,BoneDragon,Sting Eagle,Likaon,Likaon, , , , 
D03B80,185,standard,,00,46,02,C0,64,64,FF,FF,FF,FF,FF,FF,00,00,00,00,BoneDragon,BoneDragon, , , , , , 
D03B90,186,standard,,00,46,02,80,66,FF,FF,FF,FF,FF,FF,FF,00,00,00,00,ZombieDrgn, , , , , , , 
D03BA0,187,standard,,00,46,03,E0,66,65,62,FF,FF,FF,FF,FF,18,00,00,00,ZombieDrgn,Sting Eagle,Drippy, , , , , 
D03BB0,188,standard,,00,64,03,E0,67,A1,A6,E5,FF,FF,FF,FF,18,00,00,00,Golem,BoneDragon,ZombieDrgn,Golem, , , , 
D03BC0,189,standard,,00,3C,01,80,68,FF,FF,FF,FF,FF,FF,FF,00,00,00,00,Neon, , , , , , , 
D03BD0,190,standard,,00,3C,02,E0,68,68,68,FF,FF,FF,FF,FF,00,00,00,00,Neon,Neon,Neon, , , , , 
D03BE0,191,standard,,00,3C,02,E0,6B,68,68,FF,FF,FF,FF,FF,14,00,00,00,Traveler,Neon,Neon, , , , , 
D03BF0,192,standard,,00,3C,02,F0,69,69,6A,6A,FF,FF,FF,FF,05,00,00,00,Magnetes,Magnetes,Wall Knight,Wall Knight, , , , 
D03C00,193,standard,,00,3C,01,80,6A,FF,FF,FF,FF,FF,FF,FF,00,00,00,00,Wall Knight, , , , , , , 
D03C10,194,standard,,00,3C,02,C0,6B,6D,FF,FF,FF,FF,FF,FF,10,00,00,00,Traveler,Gravido, , , , , , 
D03C20,195,standard,,00,3C,02,E0,6B,6A,69,FF,FF,FF,FF,FF,18,00,00,00,Traveler,Wall Knight,Magnetes, , , , , 
D03C30,196,standard,,00,3C,02,E0,6C,6C,6C,FF,FF,FF,FF,FF,00,00,00,00,Tricker,Tricker,Tricker, , , , , 
D03C40,197,standard,,00,3C,02,E0,6C,6C,6B,FF,FF,FF,FF,FF,04,00,00,00,Tricker,Tricker,Traveler, , , , , 
D03C50,198,standard,,00,3C,02,E0,6D,6A,69,F1,FF,FF,FF,FF,18,00,00,00,Gravido,Wall Knight,Magnetes,AdamaGolem, , , , 
D03C60,199,standard,,00,3C,02,E0,6D,6A,6C,FF,FF,FF,FF,FF,18,00,00,00,Gravido,Wall Knight,Tricker, , , , , 
D03C70,200,standard,,00,32,02,80,6E,FF,FF,FF,FF,FF,FF,FF,00,00,00,00,Ziggurat, , , , , , , 
D03C80,201,standard,,00,32,03,E0,6E,69,69,FF,FF,FF,FF,FF,14,00,00,00,Ziggurat,Magnetes,Magnetes, , , , , 
D03C90,202,standard,,00,32,04,E0,6E,6E,69,FF,FF,FF,FF,FF,04,00,00,00,Ziggurat,Ziggurat,Magnetes, , , , , 
D03CA0,203,standard,,00,50,01,F0,6F,6F,6F,6F,FF,FF,FF,FF,00,00,00,00,Cure Beast,Cure Beast,Cure Beast,Cure Beast, , , , 
D03CB0,204,standard,,00,50,01,80,70,FF,FF,FF,FF,FF,FF,FF,00,00,00,00,Land Turtle, , , , , , , 
D03CC0,205,standard,,00,50,01,E0,6F,70,70,FF,FF,FF,FF,FF,40,00,00,00,Cure Beast,Land Turtle,Land Turtle, , , , , 
D03CD0,206,standard,,00,50,02,E0,70,70,70,FF,FF,FF,FF,FF,00,00,00,00,Land Turtle,Land Turtle,Land Turtle, , , , , 
D03CE0,207,standard,,00,50,01,F0,71,71,6F,6F,FF,FF,FF,FF,05,00,00,00,Bold Mani,Bold Mani,Cure Beast,Cure Beast, , , , 
D03CF0,208,standard,,00,50,03,F8,71,71,71,71,71,FF,FF,FF,00,00,00,00,Bold Mani,Bold Mani,Bold Mani,Bold Mani,Bold Mani, , , 
D03D00,209,standard,,00,50,02,F0,71,70,6F,6F,FF,FF,FF,FF,1A,00,00,00,Bold Mani,Land Turtle,Cure Beast,Cure Beast, , , , 
D03D10,210,standard,,00,46,03,FC,73,73,73,73,73,73,FF,FF,00,00,00,00,MiniMage,MiniMage,MiniMage,MiniMage,MiniMage,MiniMage, , 
D03D20,211,standard,,00,46,02,E0,74,74,74,FF,FF,FF,FF,FF,00,00,00,00,GajraGajri,GajraGajri,GajraGajri, , , , , 
D03D30,212,standard,,00,46,03,F0,74,74,73,73,FF,FF,FF,FF,05,00,00,00,GajraGajri,GajraGajri,MiniMage,MiniMage, , , , 
D03D40,213,standard,,00,46,02,F8,75,75,75,73,73,FF,FF,FF,01,40,00,00,Mammon,Mammon,Mammon,MiniMage,MiniMage, , , 
D03D50,214,standard,,00,46,03,F8,75,75,74,74,73,FF,FF,FF,05,80,00,00,Mammon,Mammon,GajraGajri,GajraGajri,MiniMage, , , 
D03D60,215,standard,,00,46,03,C0,76,76,FF,FF,FF,FF,FF,FF,00,00,00,00,Imp,Imp, , , , , , 
D03D70,216,standard,,00,46,04,F0,76,75,75,74,FF,FF,FF,FF,16,00,00,00,Imp,Mammon,Mammon,GajraGajri, , , , 
D03D80,217,standard,,00,46,04,F0,76,76,74,73,FF,FF,FF,FF,06,00,00,00,Imp,Imp,GajraGajri,MiniMage, , , , 
D03D90,218,standard,,00,46,02,80,77,FF,FF,FF,FF,FF,FF,FF,00,00,00,00,Wyrm, , , , , , , 
D03DA0,219,standard,,00,46,03,E0,77,73,73,FF,FF,FF,FF,FF,14,00,00,00,Wyrm,MiniMage,MiniMage, , , , , 
D03DB0,220,standard,,00,1E,03,C0,78,78,FF,FF,FF,FF,FF,FF,00,00,00,00,TwinLizard,TwinLizard, , , , , , 
D03DC0,221,standard,,00,32,04,F8,79,79,79,79,79,FF,FF,FF,00,00,00,00,Blind Wolf,Blind Wolf,Blind Wolf,Blind Wolf,Blind Wolf, , , 
D03DD0,222,standard,,00,14,03,F0,78,78,79,7A,FF,FF,FF,FF,06,00,00,00,TwinLizard,TwinLizard,Blind Wolf,Arage, , , , 
D03DE0,223,standard,,00,14,04,F0,7B,79,79,78,FF,FF,FF,FF,16,00,00,00,Wall Mage,Blind Wolf,Blind Wolf,TwinLizard, , , , 
D03DF0,224,standard,,00,14,04,E0,7B,7B,7B,FF,FF,FF,FF,FF,00,00,00,00,Wall Mage,Wall Mage,Wall Mage, , , , , 
D03E00,225,standard,,00,14,03,80,7C,FF,FF,FF,FF,FF,FF,FF,00,00,00,00,Magic Drgn, , , , , , , 
D03E10,226,standard,,00,05,04,E0,7C,78,7B,FF,FF,FF,FF,FF,18,00,00,00,Magic Drgn,TwinLizard,Wall Mage, , , , , 
D03E20,227,standard,,00,14,06,F8,7C,7C,7C,7A,79,FF,FF,FF,01,80,00,00,Magic Drgn,Magic Drgn,Magic Drgn,Arage,Blind Wolf, , , 
D03E30,228,standard,,00,1E,04,C0,7D,7D,FF,FF,FF,FF,FF,FF,00,00,00,00,DarkWizard,DarkWizard, , , , , , 
D03E40,229,standard,,00,14,04,E0,7D,7D,7B,FF,FF,FF,FF,FF,04,00,00,00,DarkWizard,DarkWizard,Wall Mage, , , , , 
D03E50,230,standard,,00,14,04,F0,7E,7A,7A,7A,FF,FF,FF,FF,15,00,00,00,AdamaGolem,Arage,Arage,Arage, , , , 
D03E60,231,standard,,00,14,04,C0,7E,7E,FF,FF,FF,FF,FF,FF,00,00,00,00,AdamaGolem,AdamaGolem, , , , , , 
D03E70,232,standard,,00,05,04,E0,7E,7D,7B,FF,FF,FF,FF,FF,18,00,00,00,AdamaGolem,DarkWizard,Wall Mage, , , , , 
D03E80,233,standard,,00,32,07,E0,7F,7F,7D,FF,FF,FF,FF,FF,04,00,00,00,BandelKuar,BandelKuar,DarkWizard, , , , , 
D03E90,234,standard,,00,1E,04,E0,7F,79,79,FF,FF,FF,FF,FF,14,00,00,00,BandelKuar,Blind Wolf,Blind Wolf, , , , , 
D03EA0,235,standard,,00,1E,04,C0,80,80,FF,FF,FF,FF,FF,FF,00,00,00,00,Motordrive,Motordrive, , , , , , 
D03EB0,236,standard,,00,14,05,E0,80,80,7D,FF,FF,FF,FF,FF,04,00,00,00,Motordrive,Motordrive,DarkWizard, , , , , 
D03EC0,237,standard,65,00,05,06,80,82,FF,FF,FF,FF,FF,FF,FF,00,00,00,00,Red Dragon, , , , , , , 
D03ED0,238,standard,,00,05,06,80,83,FF,FF,FF,FF,FF,FF,FF,00,00,00,00,Yellow Drgn, , , , , , , 
D03EE0,239,standard,,00,14,0F,E0,81,81,81,FF,FF,FF,FF,FF,00,00,00,00,BlueDragon,BlueDragon,BlueDragon, , , , , 
D03EF0,240,standard,,00,14,0D,C0,82,81,FF,FF,FF,FF,FF,FF,10,00,00,00,Red Dragon,BlueDragon, , , , , , 
D03F00,241,standard,,00,05,09,C0,83,83,FF,FF,FF,FF,FF,FF,00,00,00,00,Yellow Drgn,Yellow Drgn, , , , , , 
D03F10,242,standard,,00,50,05,F0,84,84,84,84,FF,FF,FF,FF,00,00,00,00,Sleepy,Sleepy,Sleepy,Sleepy, , , , 
D03F20,243,standard,,00,50,03,E0,85,85,85,FF,FF,FF,FF,FF,00,00,00,00,Treeman,Treeman,Treeman, , , , , 
D03F30,244,standard,,00,50,03,E0,85,84,88,FF,FF,FF,FF,FF,18,00,00,00,Treeman,Sleepy,Shadow, , , , , 
D03F40,245,standard,,00,50,03,F0,86,88,88,88,FF,FF,FF,FF,15,00,00,00,Hedgehog,Shadow,Shadow,Shadow, , , , 
D03F50,246,standard,,00,50,03,F0,86,84,85,85,FF,FF,FF,FF,1A,00,00,00,Hedgehog,Sleepy,Treeman,Treeman, , , , 
D03F60,247,standard,,00,50,03,E0,87,86,85,FF,FF,FF,FF,FF,18,00,00,00,Python,Hedgehog,Treeman, , , , , 
D03F70,248,standard,,00,50,04,F0,87,87,85,85,FF,FF,FF,FF,05,00,00,00,Python,Python,Treeman,Treeman, , , , 
D03F80,249,standard,,00,50,03,E0,88,88,85,FF,FF,FF,FF,FF,04,00,00,00,Shadow,Shadow,Treeman, , , , , 
D03F90,250,standard,,00,50,03,F0,88,88,87,86,FF,FF,FF,FF,06,00,00,00,Shadow,Shadow,Python,Hedgehog, , , , 
D03FA0,251,standard,,00,50,03,80,89,FF,FF,FF,FF,FF,FF,FF,00,00,00,00,Elm Gigas, , , , , , , 
D03FB0,252,standard,,00,50,04,E0,89,88,87,FF,FF,FF,FF,FF,18,00,00,00,Elm Gigas,Shadow,Python, , , , , 
D03FC0,253,standard,,00,50,04,E0,89,86,84,FF,FF,FF,FF,FF,18,00,00,00,Elm Gigas,Hedgehog,Sleepy, , , , , 
D03FD0,254,standard,,00,64,01,80,8A,FF,FF,FF,FF,FF,FF,FF,00,00,00,00,Pao, , , , , , , 
D03FE0,255,standard,,00,50,02,C0,8B,8B,FF,FF,FF,FF,FF,FF,00,00,00,00,Radiator,Radiator, , , , , , 
D03FF0,256,standard,,00,50,03,F0,8B,8B,8B,8B,FF,FF,FF,FF,00,00,00,00,Radiator,Radiator,Radiator,Radiator, , , , 
D04000,257,standard,,00,1E,03,80,8C,E7,E8,E9,FF,FF,FF,FF,15,00,00,00,Metamorpha,Shiva,Ifrit,Ramuh, , , , 
D04010,258,standard,,00,1E,03,80,8C,E7,EA,EC,FF,FF,FF,FF,15,00,00,00,Metamorpha,Shiva,Gala Cat,Elf Toad, , , , 
D04020,259,standard,,00,1E,03,80,8C,E8,EB,EE,FF,FF,FF,FF,15,00,00,00,Metamorpha,Ifrit,Wyvern,Whirl Demon, , , , 
D04030,260,standard,,00,1E,03,80,8C,E9,ED,EF,FF,FF,FF,FF,15,00,00,00,Metamorpha,Ramuh,Crew Dust,ZombieDrgn, , , , 
D04040,261,standard,,00,32,04,F0,8E,8E,8E,8E,FF,FF,FF,FF,00,00,00,00,Desertpede,Desertpede,Desertpede,Desertpede, , , , 
D04050,262,standard,,00,32,04,E0,8F,8E,8E,FF,FF,FF,FF,FF,14,00,00,00,Barette,Desertpede,Desertpede, , , , , 
D04060,263,standard,,00,32,03,80,8F,FF,FF,FF,FF,FF,FF,FF,00,00,00,00,Barette, , , , , , , 
D04070,264,standard,,00,32,04,C0,8F,8F,FF,FF,FF,FF,FF,FF,00,00,00,00,Barette,Barette, , , , , , 
D04080,265,standard,,00,0A,07,80,90,FF,FF,FF,FF,FF,FF,FF,00,00,00,00,Sekmet, , , , , , , 
D04090,266,standard,,00,3C,03,80,91,FF,FF,FF,FF,FF,FF,FF,00,00,00,00,BlandLamia, , , , , , , 
D040A0,267,standard,,00,3C,04,C0,91,91,FF,FF,FF,FF,FF,FF,00,00,00,00,BlandLamia,BlandLamia, , , , , , 
D040B0,268,standard,,00,3C,04,C0,91,92,FF,FF,FF,FF,FF,FF,10,00,00,00,BlandLamia,Pyra Layer, , , , , , 
D040C0,269,standard,,00,3C,04,E0,92,93,91,FF,FF,FF,FF,FF,18,00,00,00,Pyra Layer,Nile,BlandLamia, , , , , 
D040D0,270,standard,,00,3C,03,E0,93,93,93,FF,FF,FF,FF,FF,00,00,00,00,Nile,Nile,Nile, , , , , 
D040E0,271,standard,,00,3C,04,FC,93,93,93,93,93,93,FF,FF,00,00,00,00,Nile,Nile,Nile,Nile,Nile,Nile, , 
D040F0,272,standard,,00,3C,04,F0,93,93,93,91,FF,FF,FF,FF,01,00,00,00,Nile,Nile,Nile,BlandLamia, , , , 
D04100,273,standard,67,00,3C,04,80,94,FF,FF,FF,FF,FF,FF,FF,00,00,00,00,Archaesaur, , , , , , , 
D04110,274,standard,,00,3C,05,E0,94,93,93,FF,FF,FF,FF,FF,14,00,00,00,Archaesaur,Nile,Nile, , , , , 
D04120,275,standard,,00,3C,04,F0,91,91,93,93,FF,FF,FF,FF,05,00,00,00,BlandLamia,BlandLamia,Nile,Nile, , , , 
D04130,276,standard,,00,01,04,80,95,F0,F3,FF,FF,FF,FF,FF,18,00,00,00,ZephyrZone,D.Chimera,LonkaKnght, , , , , 
D04140,277,standard,,00,01,04,80,95,F1,F4,FF,FF,FF,FF,FF,18,00,00,00,ZephyrZone,AdamaGolem,BioSoldier, , , , , 
D04150,278,standard,,00,01,04,80,95,F2,F5,FF,FF,FF,FF,FF,18,00,00,00,ZephyrZone,Ziggurat,Lunenta, , , , , 
D04160,279,standard,,00,32,07,80,96,FF,FF,FF,FF,FF,FF,FF,00,00,C0,00,ExdethSoul, , , , , , , 
D04170,280,standard,,00,5A,03,F0,97,97,97,97,FF,FF,FF,FF,00,00,00,00,Slug,Slug,Slug,Slug, , , , 
D04180,281,standard,,00,5A,03,F0,97,97,98,98,FF,FF,FF,FF,05,00,00,00,Slug,Slug,GloomWidow,GloomWidow, , , , 
D04190,282,standard,,00,5A,03,E0,98,98,98,FF,FF,FF,FF,FF,00,00,00,00,GloomWidow,GloomWidow,GloomWidow, , , , , 
D041A0,283,standard,,00,5A,03,C0,99,99,FF,FF,FF,FF,FF,FF,00,00,00,00,Mukare,Mukare, , , , , , 
D041B0,284,standard,,00,5A,04,E0,99,98,97,FF,FF,FF,FF,FF,18,00,00,00,Mukare,GloomWidow,Slug, , , , , 
D041C0,285,standard,,00,5A,04,F0,99,97,97,97,FF,FF,FF,FF,15,00,00,00,Mukare,Slug,Slug,Slug, , , , 
D041D0,286,standard,,00,14,03,80,9A,FF,FF,FF,FF,FF,FF,FF,00,00,00,00,Ixecrator, , , , , , , 
D041E0,287,standard,,00,14,05,E0,9A,9A,9A,FF,FF,FF,FF,FF,00,00,00,00,Ixecrator,Ixecrator,Ixecrator, , , , , 
D041F0,288,standard,,00,14,03,C0,9B,9B,FF,FF,FF,FF,FF,FF,00,00,00,00,Owazoral,Owazoral, , , , , , 
D04200,289,standard,,00,14,08,F8,9B,9B,9B,9B,9B,FF,FF,FF,00,00,00,00,Owazoral,Owazoral,Owazoral,Owazoral,Owazoral, , , 
D04210,290,standard,,00,14,05,F0,9A,9A,9A,9B,FF,FF,FF,FF,01,00,00,00,Ixecrator,Ixecrator,Ixecrator,Owazoral, , , , 
D04220,291,standard,,00,14,03,80,9C,FF,FF,FF,FF,FF,FF,FF,00,00,00,00,ShdwDancer, , , , , , , 
D04230,292,standard,,00,14,05,E0,9C,9A,9B,FF,FF,FF,FF,FF,18,00,00,00,ShdwDancer,Ixecrator,Owazoral, , , , , 
D04240,293,standard,,00,14,03,C0,9D,9B,FF,FF,FF,FF,FF,FF,10,00,00,00,Cursed One,Owazoral, , , , , , 
D04250,294,standard,66,00,14,05,F0,9D,9D,9D,9D,FF,FF,FF,FF,00,00,00,00,Cursed One,Cursed One,Cursed One,Cursed One, , , , 
D04260,295,standard,,00,14,05,E0,9D,9A,9C,FF,FF,FF,FF,FF,18,00,00,00,Cursed One,Ixecrator,ShdwDancer, , , , , 
D04270,296,standard,,00,14,03,80,9E,FF,FF,FF,FF,FF,FF,FF,00,00,00,00,Slownin, , , , , , , 
D04280,297,standard,,00,14,05,C0,9E,9E,FF,FF,FF,FF,FF,FF,00,00,00,00,Slownin,Slownin, , , , , , 
D04290,298,standard,,00,05,04,C0,9F,9F,FF,FF,FF,FF,FF,FF,00,00,00,00,TinyMage,TinyMage, , , , , , 
D042A0,299,standard,,00,05,04,F0,9F,9F,9F,9F,FF,FF,FF,FF,00,00,00,00,TinyMage,TinyMage,TinyMage,TinyMage, , , , 
D042B0,300,standard,,00,05,04,80,A0,FF,FF,FF,FF,FF,FF,FF,00,00,00,00,Dim Master, , , , , , , 
D042C0,301,standard,,00,05,04,E0,A0,A0,9F,FF,FF,FF,FF,FF,04,00,00,00,Dim Master,Dim Master,TinyMage, , , , , 
D042D0,302,standard,,00,05,04,80,A2,FF,FF,FF,FF,FF,FF,FF,00,00,00,00,Flare, , , , , , , 
D042E0,303,standard,,00,05,04,C0,A2,A2,FF,FF,FF,FF,FF,FF,00,00,00,00,Flare,Flare, , , , , , 
D042F0,304,standard,,00,05,04,E0,A2,A0,9F,FF,FF,FF,FF,FF,18,00,00,00,Flare,Dim Master,TinyMage, , , , , 
D04300,305,standard,,00,05,04,80,A3,FF,FF,FF,FF,FF,FF,FF,00,00,00,00,DuelKnight, , , , , , , 
D04310,306,standard,,00,05,04,C0,A3,A3,FF,FF,FF,FF,FF,FF,00,00,00,00,DuelKnight,DuelKnight, , , , , , 
D04320,307,standard,,00,05,04,80,A4,FF,FF,FF,FF,FF,FF,FF,00,00,00,00,Ion, , , , , , , 
D04330,308,standard,,00,05,04,C0,A4,A3,FF,FF,FF,FF,FF,FF,10,00,00,00,Ion,DuelKnight, , , , , , 
D04340,309,standard,,00,05,04,80,A5,FF,FF,FF,FF,FF,FF,FF,00,00,00,00,Berserker, , , , , , , 
D04350,310,standard,,00,05,04,E0,A5,A4,A3,FF,FF,FF,FF,FF,18,00,00,00,Berserker,Ion,DuelKnight, , , , , 
D04360,311,standard,,00,05,04,E0,A5,A5,A5,FF,FF,FF,FF,FF,00,00,00,00,Berserker,Berserker,Berserker, , , , , 
D04370,312,standard,,00,50,05,E0,A7,A7,A7,FF,FF,FF,FF,FF,00,00,00,00,Druid,Druid,Druid, , , , , 
D04380,313,standard,,00,50,04,C0,A7,A8,FF,FF,FF,FF,FF,FF,10,00,00,00,Druid,Iron Dress, , , , , , 
D04390,314,standard,,00,50,04,E0,A8,A8,A8,FF,FF,FF,FF,FF,00,00,00,00,Iron Dress,Iron Dress,Iron Dress, , , , , 
D043A0,315,standard,,00,32,04,C0,A9,A9,FF,FF,FF,FF,FF,FF,00,00,00,00,Statue,Statue, , , , , , 
D043B0,316,standard,6A,00,32,08,F8,A9,A9,A9,A9,A9,FF,FF,FF,00,00,00,00,Statue,Statue,Statue,Statue,Statue, , , 
D043C0,317,standard,,00,5A,03,80,AA,FF,FF,FF,FF,FF,FF,FF,00,00,00,00,Blizzard, , , , , , , 
D043D0,318,standard,,00,5A,03,C0,AA,AA,FF,FF,FF,FF,FF,FF,00,00,00,00,Blizzard,Blizzard, , , , , , 
D043E0,319,standard,,00,5A,04,80,AB,FF,FF,FF,FF,FF,FF,FF,00,00,00,00,Isteritos, , , , , , , 
D043F0,320,standard,,00,5A,09,F8,AB,AB,AB,AB,AB,FF,FF,FF,00,00,00,00,Isteritos,Isteritos,Isteritos,Isteritos,Isteritos, , , 
D04400,321,standard,,00,5A,04,C0,AC,AC,FF,FF,FF,FF,FF,FF,00,00,00,00,Spizner,Spizner, , , , , , 
D04410,322,standard,,00,5A,04,E0,AC,AC,AC,FF,FF,FF,FF,FF,00,00,00,00,Spizner,Spizner,Spizner, , , , , 
D04420,323,standard,,00,5A,04,E0,AC,AA,AA,FF,FF,FF,FF,FF,14,00,00,00,Spizner,Blizzard,Blizzard, , , , , 
D04430,324,standard,,00,0A,04,E0,8D,8D,8D,FF,FF,FF,FF,FF,00,00,00,00,Unknown,Unknown,Unknown, , , , , 
D04440,325,standard,,00,0A,04,E0,AF,AF,AF,AF,FF,FF,FF,FF,00,00,00,00,Unknown,Unknown,Unknown,Unknown, , , , 
D04450,326,standard,,00,0A,04,C0,AD,AD,FF,FF,FF,FF,FF,FF,00,00,00,00,Unknown,Unknown, , , , , , 
D04460,327,standard,,00,0A,04,E0,AD,AE,AE,FF,FF,FF,FF,FF,14,00,00,00,Unknown,Unknown,Unknown, , , , , 
D04470,328,standard,,00,0A,04,F0,AE,AE,AE,AE,FF,FF,FF,FF,00,00,00,00,Unknown,Unknown,Unknown,Unknown, , , , 
D04480,329,standard,,00,0A,04,E0,AD,AD,AF,FF,FF,FF,FF,FF,04,00,00,00,Unknown,Unknown,Unknown, , , , , 
D04490,330,standard,,00,0A,04,F0,AF,AF,AE,AD,FF,FF,FF,FF,06,00,00,00,Unknown,Unknown,Unknown,Unknown, , , , 
D044A0,331,standard,,00,0A,05,F0,AD,AE,B0,B0,FF,FF,FF,FF,1A,00,00,00,Unknown,Unknown,Unknown,Unknown, , , , 
D044B0,332,standard,,00,0A,05,E0,AF,AD,B0,FF,FF,FF,FF,FF,18,00,00,00,Unknown,Unknown,Unknown, , , , , 
D044C0,333,standard,,00,0A,06,E0,B0,B0,B0,FF,FF,FF,FF,FF,00,00,00,00,Unknown,Unknown,Unknown, , , , , 
D044D0,334,standard,,00,14,05,E0,B1,B1,B1,FF,FF,FF,FF,FF,00,00,00,00,MercuryBat,MercuryBat,MercuryBat, , , , , 
D044E0,335,standard,,00,14,06,F8,B1,B1,B1,B1,B1,FF,FF,FF,00,00,00,00,MercuryBat,MercuryBat,MercuryBat,MercuryBat,MercuryBat, , , 
D044F0,336,standard,,00,14,05,E0,B2,B1,B1,FF,FF,FF,FF,FF,14,00,00,00,Coral,MercuryBat,MercuryBat, , , , , 
D04500,337,standard,,00,14,06,F0,B2,B2,B2,B2,FF,FF,FF,FF,00,00,00,00,Coral,Coral,Coral,Coral, , , , 
D04510,338,standard,,00,28,0F,80,B3,B3,B3,B3,B3,FF,FF,FF,00,00,00,00,Tonberi,Tonberi,Tonberi,Tonberi,Tonberi, , , 
D04520,339,standard,,00,14,05,80,B4,FF,FF,FF,FF,FF,FF,FF,00,00,00,00,Gel Water, , , , , , , 
D04530,340,standard,,00,14,06,E0,B4,B4,B4,FF,FF,FF,FF,FF,00,00,00,00,Gel Water,Gel Water,Gel Water, , , , , 
D04540,341,standard,,00,14,06,F0,B4,B4,B2,B2,FF,FF,FF,FF,05,00,00,00,Gel Water,Gel Water,Coral,Coral, , , , 
D04550,342,standard,,00,14,05,80,B5,FF,FF,FF,FF,FF,FF,FF,00,00,00,00,Fall Guard, , , , , , , 
D04560,343,standard,,00,14,06,F0,B5,B1,B1,B1,FF,FF,FF,FF,15,00,00,00,Fall Guard,MercuryBat,MercuryBat,MercuryBat, , , , 
D04570,344,standard,69,00,14,07,E0,B5,B5,B5,FF,FF,FF,FF,FF,00,00,00,00,Fall Guard,Fall Guard,Fall Guard, , , , , 
D04580,345,standard,,00,0F,06,C0,B6,B7,FF,FF,FF,FF,FF,FF,10,00,00,00,Alcumia,Red Dragon, , , , , , 
D04590,346,standard,,00,0F,06,C0,B6,B8,FF,FF,FF,FF,FF,FF,10,00,00,00,Alcumia,Hydra, , , , , , 
D045A0,347,standard,,00,0F,06,C0,B6,B9,FF,FF,FF,FF,FF,FF,10,00,00,00,Alcumia,BoneDragon, , , , , , 
D045B0,348,standard,,40,64,03,C0,D0,3D,FF,FF,FF,FF,FF,FF,10,00,00,00,LevelCheck,Prototype, , , , , , 
D045C0,349,standard,,40,64,03,E0,3E,62,4B,FF,FF,FF,FF,FF,18,00,00,00,D.Chimera,Drippy,Torrent, , , , , 
D045D0,350,standard,,40,64,03,E0,1B,73,28,FF,FF,FF,FF,FF,18,00,00,00,Elf Toad,MiniMage,Crew Dust, , , , , 
D045E0,351,standard,,40,64,03,E0,6B,2C,09,FF,FF,FF,FF,FF,18,00,00,00,Traveler,Garkimasra,Mold Wind, , , , , 
D045F0,352,standard,,40,64,03,E0,45,00,3A,FF,FF,FF,FF,FF,18,00,00,00,Whirl Demon,Goblin,BlackFlame, , , , , 
D04600,353,standard,,40,64,03,E0,50,7C,58,FF,FF,FF,FF,FF,18,00,00,00,Dilure,Magic Drgn,Blood Slime, , , , , 
D04610,354,standard,4F,40,64,03,E0,36,23,91,FF,FF,FF,FF,FF,18,00,00,00,Bomb,Wild Nack,BlandLamia, , , , , 
D04620,355,standard,,00,32,04,F0,BE,BF,BF,BF,FF,FF,FF,FF,15,00,00,00,Anku Heggu,Ammona,Ammona,Ammona, , , , 
D04630,356,standard,,00,32,04,F8,BF,BF,BF,BF,BF,FF,FF,FF,00,00,00,00,Ammona,Ammona,Ammona,Ammona,Ammona, , , 
D04640,357,standard,,00,32,04,E0,BE,BE,BE,FF,FF,FF,FF,FF,00,00,00,00,Anku Heggu,Anku Heggu,Anku Heggu, , , , , 
D04650,358,standard,,00,01,07,80,C0,FF,FF,FF,FF,FF,FF,FF,00,00,00,00,Land Crawl, , , , , , , 
D04660,359,standard,,00,80,03,C0,C1,C2,FF,FF,FF,FF,FF,FF,10,00,00,00,Chamcubia,Bella Donna, , , , , , 
D04670,360,standard,,00,80,03,C0,C2,C3,FF,FF,FF,FF,FF,FF,10,00,00,00,Bella Donna,Cherie, , , , , , 
D04680,361,standard,,00,80,03,C0,C3,C1,FF,FF,FF,FF,FF,FF,10,00,00,00,Cherie,Chamcubia, , , , , , 
D04690,362,standard,,00,80,04,E0,C1,C1,C1,FF,FF,FF,FF,FF,00,00,00,00,Chamcubia,Chamcubia,Chamcubia, , , , , 
D046A0,363,standard,,00,80,04,E0,C2,C2,C2,FF,FF,FF,FF,FF,00,00,00,00,Bella Donna,Bella Donna,Bella Donna, , , , , 
D046B0,364,standard,,00,80,04,E0,C3,C3,C3,FF,FF,FF,FF,FF,00,00,00,00,Cherie,Cherie,Cherie, , , , , 
D046C0,365,standard,,00,80,05,E0,C1,C2,C3,FF,FF,FF,FF,FF,18,00,00,00,Chamcubia,Bella Donna,Cherie, , , , , 
D046D0,366,standard,,00,0F,03,E0,BA,BA,BD,FF,FF,FF,FF,FF,04,00,00,00,Grenade,Grenade,DoomDealer, , , , , 
D046E0,367,standard,,00,0F,03,F0,D0,D0,D0,D0,FF,FF,FF,FF,00,00,00,00,LevelCheck,LevelCheck,LevelCheck,LevelCheck, , , , 
D046F0,368,standard,,00,0F,03,E0,D0,D0,BA,FF,FF,FF,FF,FF,04,00,00,00,LevelCheck,LevelCheck,Grenade, , , , , 
D04700,369,standard,,00,0F,04,80,BC,FF,FF,FF,FF,FF,FF,FF,00,00,00,00,Bardandels, , , , , , , 
D04710,370,standard,,00,0F,04,C0,BC,D0,FF,FF,FF,FF,FF,FF,10,00,00,00,Bardandels,LevelCheck, , , , , , 
D04720,371,standard,,00,0F,04,E0,BC,BC,BA,FF,FF,FF,FF,FF,04,00,00,00,Bardandels,Bardandels,Grenade, , , , , 
D04730,372,standard,,00,0F,04,F0,BD,BD,D0,BC,FF,FF,FF,FF,06,00,00,00,DoomDealer,DoomDealer,LevelCheck,Bardandels, , , , 
D04740,373,standard,,00,0F,06,F0,BD,BD,BD,BD,FF,FF,FF,FF,00,00,00,00,DoomDealer,DoomDealer,DoomDealer,DoomDealer, , , , 
D04750,374,standard,,00,14,04,F0,C4,C4,C5,CA,FF,FF,FF,FF,06,00,00,00,White Flame,White Flame,MossFungus,Farfarerro, , , , 
D04760,375,standard,,00,14,04,E0,C5,C5,C5,FF,FF,FF,FF,FF,00,00,00,00,MossFungus,MossFungus,MossFungus, , , , , 
D04770,376,standard,,00,14,04,F8,C5,C4,C4,C4,C4,FF,FF,FF,15,40,00,00,MossFungus,White Flame,White Flame,White Flame,White Flame, , , 
D04780,377,standard,,00,14,07,F8,CA,CA,CA,CA,CA,FF,FF,FF,00,00,00,00,Farfarerro,Farfarerro,Farfarerro,Farfarerro,Farfarerro, , , 
D04790,378,standard,,00,10,04,F0,C6,C6,C6,C6,FF,FF,FF,FF,00,00,00,00,Orcat,Orcat,Orcat,Orcat, , , , 
D047A0,379,standard,,00,10,04,E0,C6,C6,D6,FF,FF,FF,FF,FF,04,00,00,00,Orcat,Orcat,Achelone, , , , , 
D047B0,380,standard,,00,10,04,80,CD,FF,FF,FF,FF,FF,FF,FF,00,00,00,00,Great Drgn, , , , , , , 
D047C0,381,standard,,00,10,05,E0,D6,D6,D6,FF,FF,FF,FF,FF,00,00,00,00,Achelone,Achelone,Achelone, , , , , 
D047D0,382,standard,,00,10,06,E0,CD,D6,C6,FF,FF,FF,FF,FF,18,00,00,00,Great Drgn,Achelone,Orcat, , , , , 
D047E0,383,standard,,00,07,04,80,CE,FF,FF,FF,FF,FF,FF,FF,00,00,00,00,AvisDragon, , , , , , , 
D047F0,384,standard,,00,07,05,C0,CE,CE,FF,FF,FF,FF,FF,FF,00,00,00,00,AvisDragon,AvisDragon, , , , , , 
D04800,385,standard,,00,07,05,C0,CE,CC,FF,FF,FF,FF,FF,FF,10,00,00,00,AvisDragon,Ninja, , , , , , 
D04810,386,standard,,00,07,05,C0,CC,CC,FF,FF,FF,FF,FF,FF,00,00,00,00,Ninja,Ninja, , , , , , 
D04820,387,standard,,00,0A,04,80,C7,FF,FF,FF,FF,FF,FF,FF,00,00,00,00,Iron Giant, , , , , , , 
D04830,388,standard,,00,0A,05,F0,C7,C8,C8,C8,FF,FF,FF,FF,15,00,00,00,Iron Giant,Death Claw,Death Claw,Death Claw, , , , 
D04840,389,standard,,00,0A,05,F0,C8,C8,BB,BB,FF,FF,FF,FF,05,00,00,00,Death Claw,Death Claw,SwrdDancer,SwrdDancer, , , , 
D04850,390,standard,,00,0A,05,E0,BB,D2,D2,FF,FF,FF,FF,FF,14,00,00,00,SwrdDancer,Fury,Fury, , , , , 
D04860,391,standard,,00,0A,06,C0,C7,C7,FF,FF,FF,FF,FF,FF,00,00,00,00,Iron Giant,Iron Giant, , , , , , 
D04870,392,standard,,00,0A,05,C0,BB,BB,FF,FF,FF,FF,FF,FF,00,00,00,00,SwrdDancer,SwrdDancer, , , , , , 
D04880,393,standard,,00,0A,05,E0,D2,D2,C8,FF,FF,FF,FF,FF,04,00,00,00,Fury,Fury,Death Claw, , , , , 
D04890,394,standard,,00,0A,05,C0,D7,CC,FF,FF,FF,FF,FF,FF,10,00,00,00,Bodyguard,Ninja, , , , , , 
D048A0,395,standard,,00,0A,06,C0,D7,D7,FF,FF,FF,FF,FF,FF,00,00,00,00,Bodyguard,Bodyguard, , , , , , 
D048B0,396,standard,,00,0A,05,E0,C8,D2,BB,FF,FF,FF,FF,FF,18,00,00,00,Death Claw,Fury,SwrdDancer, , , , , 
D048C0,397,standard,,00,07,14,80,C9,FF,FF,FF,FF,FF,FF,FF,00,00,00,00,K.Behemoth, , , , , , , 
D048D0,398,standard,,00,07,21,C0,C9,C9,FF,FF,FF,FF,FF,FF,00,00,00,00,K.Behemoth,K.Behemoth, , , , , , 
D048E0,399,standard,,00,07,1A,C0,CB,CF,FF,FF,FF,FF,FF,FF,10,00,00,00,Necromancr,Gorchimera, , , , , , 
D048F0,400,standard,,00,07,16,C0,CF,CF,FF,FF,FF,FF,FF,FF,00,00,00,00,Gorchimera,Gorchimera, , , , , , 
D04900,401,standard,,00,07,1D,E0,D1,D3,D3,FF,FF,FF,FF,FF,14,00,00,00,Mind Mage,Thing,Thing, , , , , 
D04910,402,standard,,00,07,23,F0,D1,D1,D1,D1,FF,FF,FF,FF,00,00,00,00,Mind Mage,Mind Mage,Mind Mage,Mind Mage, , , , 
D04920,403,standard,,00,07,1E,E0,D3,CB,D1,FF,FF,FF,FF,FF,18,00,00,00,Thing,Necromancr,Mind Mage, , , , , 
D04930,404,standard,,00,07,1D,C0,CF,C9,FF,FF,FF,FF,FF,FF,10,00,00,00,Gorchimera,K.Behemoth, , , , , , 
D04940,405,standard,,00,07,20,80,D5,FF,FF,FF,FF,FF,FF,FF,00,00,00,00,CrysDragon, , , , , , , 
D04950,406,standard,50,00,80,00,80,D8,FF,FF,FF,FF,FF,FF,FF,00,00,C0,00,Gilgamesh, , , , , , , 
D04960,407,standard,,00,64,01,E0,D9,D9,D9,FF,FF,FF,FF,FF,00,00,00,00,Sahagin,Sahagin,Sahagin, , , , , 
D04970,408,standard,,00,64,01,E0,DA,DA,D9,FF,FF,FF,FF,FF,04,00,00,00,Th.Anemone,Th.Anemone,Sahagin, , , , , 
D04980,409,standard,,00,64,01,E0,DB,D9,D9,FF,FF,FF,FF,FF,14,00,00,00,Sea Avis,Sahagin,Sahagin, , , , , 
D04990,410,standard,,00,64,02,E0,DB,DB,DB,FF,FF,FF,FF,FF,00,00,00,00,Sea Avis,Sea Avis,Sea Avis, , , , , 
D049A0,411,standard,,00,64,01,E0,DB,DA,DA,FF,FF,FF,FF,FF,14,00,00,00,Sea Avis,Th.Anemone,Th.Anemone, , , , , 
D049B0,412,standard,,00,64,02,E0,D9,DA,DC,FF,FF,FF,FF,FF,18,00,00,00,Sahagin,Th.Anemone,Corvette, , , , , 
D049C0,413,standard,,00,64,03,C0,DC,DC,FF,FF,FF,FF,FF,FF,00,00,00,00,Corvette,Corvette, , , , , , 
D049D0,414,standard,,00,64,03,C0,DD,DD,FF,FF,FF,FF,FF,FF,00,00,00,00,Armon,Armon, , , , , , 
D049E0,415,standard,,00,64,07,F0,DD,DE,DE,DE,FF,FF,FF,FF,15,00,00,00,Armon,SeaScorpio,SeaScorpio,SeaScorpio, , , , 
D049F0,416,standard,,00,64,04,C0,DE,DE,FF,FF,FF,FF,FF,FF,00,00,00,00,SeaScorpio,SeaScorpio, , , , , , 
D04A00,417,standard,,00,64,19,80,DF,FF,FF,FF,FF,FF,FF,FF,00,00,00,00,Silvune, , , , , , , 
D04A10,418,standard,,00,64,08,F0,E0,E0,E0,E0,FF,FF,FF,FF,00,00,00,00,Gel Fish,Gel Fish,Gel Fish,Gel Fish, , , , 
D04A20,419,standard,,00,64,08,80,E1,FF,FF,FF,FF,FF,FF,FF,00,00,00,00,Giant Bird, , , , , , , 
D04A30,420,standard,,00,64,0D,E0,E1,E2,E2,FF,FF,FF,FF,FF,14,00,00,00,Giant Bird,Sea Devil,Sea Devil, , , , , 
D04A40,421,standard,,00,64,06,E0,E2,E2,E2,FF,FF,FF,FF,FF,00,00,00,00,Sea Devil,Sea Devil,Sea Devil, , , , , 
D04A50,422,standard,,00,64,14,80,E3,FF,FF,FF,FF,FF,FF,FF,00,00,00,00,Stingray, , , , , , , 
D04A60,423,standard,,00,0A,07,80,F6,FF,FF,FF,FF,FF,FF,FF,00,00,00,00,Tote Avis, , , , , , , 
D04A70,424,standard,40,00,80,01,80,F8,FF,FF,FF,FF,FF,FF,FF,00,00,00,00,Imp, , , , , , , 
D04A80,425,standard,41,00,80,02,80,F9,FF,FF,FF,FF,FF,FF,FF,00,00,00,00,Owazoral, , , , , , , 
D04A90,426,standard,42,00,80,02,80,FA,FF,FF,FF,FF,FF,FF,FF,00,00,00,00,Garkimasra, , , , , , , 
D04AA0,427,standard,,00,80,02,80,63,FF,FF,FF,FF,FF,FF,FF,00,00,00,20,Likaon, , , , , , , 
D04AB0,428,standard,,00,64,05,80,68,68,68,FF,FF,FF,FF,FF,00,00,08,20,Neon,Neon,Neon, , , , , 
D04AC0,429,standard,6B,00,64,05,80,62,62,62,FF,FF,FF,FF,FF,00,00,08,20,Drippy,Drippy,Drippy, , , , , 
D04AD0,430,standard,4C,00,80,03,80,FC,FF,FF,FF,FF,FF,FF,FF,00,00,08,00,Gil Turtle, , , , , , , 
D04AE0,431,standard,,00,07,15,C0,F7,F7,FF,FF,FF,FF,FF,FF,00,00,00,00,Belfegor,Belfegor, , , , , , 
D04AF0,432,standard,,00,07,1C,F0,F7,D3,D3,D1,FF,FF,FF,FF,16,00,00,00,Belfegor,Thing,Thing,Mind Mage, , , , 
D04B00,433,standard,,00,64,C7,E0,D4,D4,D4,D4,D4,D4,FF,FF,00,00,00,00,Mover,Mover,Mover,Mover,Mover,Mover, , 
D04B10,434,standard,51,84,64,00,80,37,FF,FF,FF,FF,FF,FF,FF,00,00,C0,20,TwinLizard, , , , , , , 
D04B20,435,standard,52,84,64,00,80,20,FF,FF,FF,FF,FF,FF,FF,00,00,C0,00,Byblos, , , , , , , 
D04B30,436,standard,53,84,64,00,80,23,FF,FF,FF,FF,FF,FF,FF,00,00,C0,20,Wild Nack, , , , , , , 
D04B40,437,standard,54,84,64,00,80,3C,FF,FF,FF,FF,FF,FF,FF,00,00,C0,20,MiniDragon, , , , , , , 
D04B50,438,standard,6E,00,64,64,80,69,FF,FF,FF,FF,FF,FF,FF,00,00,08,20,Magnetes, , , , , , , 
D04B60,439,boss,00,00,80,00,C0,50,50,FF,FF,FF,FF,FF,FF,00,00,C0,20,Goblin,Goblin, , , , , , 
D04B70,440,boss,01,00,80,05,80,00,01,FF,FF,FF,FF,FF,FF,10,00,08,20,WingRaptor,WingRaptor, , , , , , 
D04B80,441,boss,02,00,80,05,80,02,FF,FF,FF,FF,FF,FF,FF,00,00,08,20,Karlabos, , , , , , , 
D04B90,442,boss,03,00,80,05,80,04,05,FF,FF,FF,FF,FF,FF,10,00,08,20,Siren,Siren, , , , , , 
D04BA0,443,boss,04,00,80,06,40,06,07,FF,FF,FF,FF,FF,FF,10,00,08,20,Forza,Magisa, , , , , , 
D04BB0,444,boss,06,00,80,05,80,08,FF,FF,FF,FF,FF,FF,FF,00,00,08,20,Galura, , , , , , , 
D04BC0,445,boss,07,00,80,06,80,09,0A,0B,FF,FF,FF,FF,FF,00,00,08,60,LiquiFlame,LiquiFlame,LiquiFlame, , , , , 
D04BD0,446,boss,08,00,80,03,F0,52,53,53,53,51,FF,FF,FF,15,80,C0,20,Sergeant,Karnak,Karnak,Karnak,Iron Claw, , , 
D04BE0,447,boss,09,02,80,07,80,20,FF,FF,FF,FF,FF,FF,FF,18,00,08,41,FlyingKillr, , , , , , , 
D04BF0,448,boss,0A,00,80,05,E2,0E,0E,0E,0D,0D,0D,0F,FF,01,58,08,70,Hole,Hole,Hole,Sandworm,Sandworm,Sandworm, , 
D04C00,449,boss,0B,00,80,05,80,10,FF,FF,FF,FF,FF,FF,FF,00,00,08,20,AdamanTiMi, , , , , , , 
D04C10,450,boss,0C,00,80,02,C0,11,11,FF,FF,FF,FF,FF,FF,00,00,00,20,Flamegun,Flamegun, , , , , , 
D04C20,451,boss,0D,00,80,03,C0,12,12,FF,FF,FF,FF,FF,FF,00,00,00,20,Rocket,Rocket, , , , , , 
D04C30,452,boss,0E,00,80,07,E0,14,5B,5C,FF,FF,FF,FF,FF,18,00,08,20,Sol Cannon,Launcher,Launcher, , , , , 
D04C40,453,boss,0F,00,80,0A,80,15,16,17,18,19,FF,FF,FF,00,00,08,61,ArchaeAvis,ArchaeAvis,ArchaeAvis,ArchaeAvis,ArchaeAvis, , , 
D04C50,454,boss,10,00,80,06,80,1A,FF,FF,FF,FF,FF,FF,FF,00,00,08,20,Chim.Brain, , , , , , , 
D04C60,455,boss,11,00,80,05,80,1B,FF,FF,FF,FF,FF,FF,FF,00,00,08,20,Titan, , , , , , , 
D04C70,456,boss,12,00,80,05,FC,1C,1C,1C,1C,1C,1C,FF,FF,00,00,08,60,Puroboros,Puroboros,Puroboros,Puroboros,Puroboros,Puroboros, , 
D04C80,457,boss,13,00,80,01,80,1D,FF,FF,FF,FF,FF,FF,FF,00,00,00,20,Abductor, , , , , , , 
D04C90,458,boss,14,00,80,00,80,1E,FF,FF,FF,FF,FF,FF,FF,00,00,08,20,Gilgamesh, , , , , , , 
D04CA0,459,boss,15,00,80,01,E0,1F,1F,1F,FF,FF,FF,FF,FF,00,00,C0,20,Fishman,Fishman,Fishman, , , , , 
D04CB0,460,boss,16,00,80,01,E0,21,21,21,FF,FF,FF,FF,FF,00,00,C0,20,Lil Chariot,Lil Chariot,Lil Chariot, , , , , 
D04CC0,461,boss,17,00,80,01,80,22,FF,FF,FF,FF,FF,FF,FF,00,00,C0,20,NeoGalura, , , , , , , 
D04CD0,462,boss,18,00,80,01,E0,20,20,20,FF,FF,FF,FF,FF,00,00,C0,20,FlyingKillr,FlyingKillr,FlyingKillr, , , , , 
D04CE0,463,boss,19,00,80,01,F0,21,21,20,20,FF,FF,FF,FF,05,00,C0,20,Lil Chariot,Lil Chariot,FlyingKillr,FlyingKillr, , , , 
D04CF0,464,boss,1A,00,80,01,E0,22,1F,1F,FF,FF,FF,FF,FF,14,00,C0,20,NeoGalura,Fishman,Fishman, , , , , 
D04D00,465,boss,1B,00,80,00,80,23,FF,FF,FF,FF,FF,FF,FF,00,00,C0,20,Gilgamesh, , , , , , , 
D04D10,466,boss,1C,00,80,09,80,24,FF,FF,FF,FF,FF,FF,FF,00,00,08,60,Tyrasaurus, , , , , , , 
D04D20,467,boss,1D,00,80,02,80,26,FF,FF,FF,FF,FF,FF,FF,00,00,08,20,Abductor, , , , , , , 
D04D30,468,boss,1E,00,80,0A,80,27,28,29,2A,2B,2C,FF,FF,15,50,08,20,HiryuuPlant,HiryuuFlowr,HiryuuFlowr,HiryuuFlowr,HiryuuFlowr,HiryuuFlowr, , 
D04D40,469,boss,1F,00,80,00,80,2D,2E,FF,FF,FF,FF,FF,FF,10,00,C8,60,Gilgamesh,Enkidou, , , , , , 
D04D50,470,boss,20,00,80,0C,80,2F,FF,FF,FF,FF,FF,FF,FF,00,00,08,61,Atmos, , , , , , , 
D04D60,471,boss,21,00,80,0F,F0,30,31,32,33,FF,FF,FF,FF,00,00,08,60,Guardian,Guardian,Guardian,Guardian, , , , 
D04D70,472,boss,22,00,80,0B,80,34,5E,FF,FF,FF,FF,FF,FF,00,00,08,60,Carbunkle,Carbunkle, , , , , , 
D04D80,473,boss,23,00,80,00,80,5D,36,FF,FF,FF,FF,FF,FF,00,00,18,60,Gilgamesh,Gilgamesh, , , , , , 
D04D90,474,boss,24,00,80,00,80,37,FF,FF,FF,FF,FF,FF,FF,00,00,28,61,Exdeath, , , , , , , 
D04DA0,475,boss,25,02,80,05,80,38,FF,FF,FF,FF,FF,FF,FF,00,00,08,20,Antlion, , , , , , , 
D04DB0,476,boss,26,00,80,02,E0,39,39,39,FF,FF,FF,FF,FF,00,00,00,20,Mummy,Mummy,Mummy, , , , , 
D04DC0,477,boss,27,00,80,05,80,5F,FF,FF,FF,FF,FF,FF,FF,00,00,00,20,GrandMummy, , , , , , , 
D04DD0,478,boss,28,00,80,01,80,3A,FF,FF,FF,FF,FF,FF,FF,00,00,00,20,Aspis, , , , , , , 
D04DE0,479,boss,38,00,80,14,80,4C,FF,FF,FF,FF,FF,FF,FF,00,00,08,61,Halicarnaso, , , , , , , 
D04DF0,480,boss,2A,00,80,04,80,3B,FF,FF,FF,FF,FF,FF,FF,00,00,00,20,MachinHead, , , , , , , 
D04E00,481,boss,2B,00,80,14,80,3C,3D,3E,3F,FF,FF,FF,FF,00,00,08,60,Merugene,Merugene,Merugene,Merugene, , , , 
D04E10,482,boss,2C,00,80,14,80,40,FF,FF,FF,FF,FF,FF,FF,00,00,08,60,Odin, , , , , , , 
D04E20,483,boss,2D,00,80,0A,C0,41,41,FF,FF,FF,FF,FF,FF,00,00,08,20,Gargoyle,Gargoyle, , , , , , 
D04E30,484,boss,32,00,80,14,E0,42,43,44,FF,FF,FF,FF,FF,18,00,08,60,Triton,Neregeid,Phobos, , , , , 
D04E40,485,boss,2F,00,80,14,80,45,FF,FF,FF,FF,FF,FF,FF,00,00,08,60,Omniscient, , , , , , , 
D04E50,486,boss,30,00,80,14,80,46,FF,FF,FF,FF,FF,FF,FF,00,00,08,64,Minotauros, , , , , , , 
D04E60,487,boss,31,00,80,14,80,47,FF,FF,FF,FF,FF,FF,FF,15,54,08,20,Leviathan, , , , , , , 
D04E70,488,boss,2E,00,80,14,F0,48,48,48,48,FF,FF,FF,FF,55,00,08,60,Stalker,Stalker,Stalker,Stalker, , , , 
D04E80,489,boss,33,00,80,32,80,49,FF,FF,FF,FF,FF,FF,FF,00,00,30,60,Gogo, , , , , , , 
D04E90,490,boss,34,00,80,19,80,4A,FF,FF,FF,FF,FF,FF,FF,00,00,08,60,Bahamut, , , , , , , 
D04EA0,491,boss,43,15,80,05,80,64,FF,FF,FF,FF,FF,FF,FF,00,00,00,20,BandelKuar, , , , , , , 
D04EB0,492,boss,44,15,80,05,80,65,FF,FF,FF,FF,FF,FF,FF,00,00,00,20,LiquiFlame, , , , , , , 
D04EC0,493,boss,45,15,80,05,80,66,FF,FF,FF,FF,FF,FF,FF,00,00,00,20,Kuzar, , , , , , , 
D04ED0,494,boss,46,15,80,05,80,67,FF,FF,FF,FF,FF,FF,FF,00,00,00,20,Sol Cannon, , , , , , , 
D04EE0,495,boss,39,00,80,05,80,35,FF,FF,FF,FF,FF,FF,FF,00,00,08,40,Merugene, , , , , , , 
D04EF0,496,boss,3A,20,80,00,20,4E,01,FF,FF,FF,FF,FF,FF,1A,A8,28,62,NeoExdeath,WingRaptor, , , , , , 
D04F00,497,boss,,01,05,00,80,2C,FF,FF,FF,FF,FF,FF,FF,00,00,00,80,HiryuuFlowr, , , , , , , 
D04F10,498,boss,05,00,80,05,F0,25,0C,0C,0C,FF,FF,FF,FF,15,00,08,60,Shiva,Commander,Commander,Commander, , , , 
D04F20,499,boss,47,00,80,14,80,56,FF,FF,FF,FF,FF,FF,FF,00,00,08,61,Calofisteri, , , , , , , 
D04F30,500,boss,48,00,80,16,80,57,FF,FF,FF,FF,FF,FF,FF,00,00,08,61,Apocalypse, , , , , , , 
D04F40,501,boss,49,00,80,15,80,58,FF,FF,FF,FF,FF,FF,FF,00,00,08,61,Catastroph, , , , , , , 
D04F50,502,boss,4B,00,80,1B,F8,59,6A,6A,6A,6A,6F,FF,FF,15,60,08,61,Necrofobia,Barrier,Barrier,Barrier,Barrier,Gilgamesh, , 
D04F60,503,boss,4A,00,80,18,80,5A,03,FF,FF,FF,FF,FF,FF,00,00,08,61,Twin Tania,Twin Tania, , , , , , 
D04F70,504,boss,3B,00,80,00,80,4D,FF,FF,FF,FF,FF,FF,FF,00,00,28,62,Exdeath, , , , , , , 
D04F80,505,boss,36,02,80,10,80,60,FF,FF,FF,FF,FF,FF,FF,00,00,08,61,Apanda, , , , , , , 
D04F90,506,boss,,00,64,00,80,E4,FF,FF,FF,FF,FF,FF,FF,00,00,00,00,, , , , , , , 
D04FA0,507,boss,35,00,80,05,80,54,FF,FF,FF,FF,FF,FF,FF,00,00,08,20,Crayclaw, , , , , , , 
D04FB0,508,boss,37,00,80,0B,80,61,4B,FF,FF,FF,FF,FF,FF,10,00,08,60,Alte Roite,Jura Avis, , , , , , 
D04FC0,509,boss,29,00,80,02,80,FB,FF,FF,FF,FF,FF,FF,FF,00,00,C0,00,, , , , , , , 
D04FD0,510,boss,4D,00,80,64,80,FD,FF,FF,FF,FF,FF,FF,FF,00,00,00,41,, , , , , , , 
D04FE0,511,boss,,00,64,00,80,FE,FF,FF,FF,FF,FF,FF,FF,00,00,00,00,, , , , , , , 
D04FF0,512,boss,6D,00,64,64,80,0B,FF,FF,FF,FF,FF,FF,FF,00,00,30,04,LiquiFlame, , , , , , , 