item_id,readable_name,valid,type,subtype,value,max_count,related_jobs
00,<blank>,FALSE,dummy,dummy,0,0,[]
01,Empty,FALSE,dummy,dummy,0,0,[]
02,Knife,TRUE,weapon,knife,1,,"[""Knight"", ""Thief"", ""Dragoon"", ""Ninja"", ""Samurai"", ""Berserker"", ""Hunter"", ""MysticKnight"", ""BlackMage"", ""TimeMage"", ""Summoner"", ""Blue Mage"", ""Red Mage"", ""Mediator"", ""Chemist"", ""Geomancer"", ""Bard"", ""Dancer"", ""Mimic""]"
03,Dagger,TRUE,weapon,knife,1,,"[""Knight"", ""Thief"", ""Dragoon"", ""Ninja"", ""Samurai"", ""Berserker"", ""Hunter"", ""MysticKnight"", ""BlackMage"", ""TimeMage"", ""Summoner"", ""Blue Mage"", ""Red Mage"", ""Mediator"", ""Chemist"", ""Geomancer"", ""Bard"", ""Dancer"", ""Mimic""]"
04,Mythril Knife,TRUE,weapon,knife,1,,"[""Knight"", ""Thief"", ""Dragoon"", ""Ninja"", ""Samurai"", ""Berserker"", ""Hunter"", ""MysticKnight"", ""BlackMage"", ""TimeMage"", ""Summoner"", ""Blue Mage"", ""Red Mage"", ""Mediator"", ""Chemist"", ""Geomancer"", ""Bard"", ""Dancer"", ""Mimic""]"
05,Kunai,TRUE,weapon,knife,2,,[“Ninja”]
06,Mage Masher,TRUE,weapon,knife,2,,"[""Knight"", ""Thief"", ""Dragoon"", ""Ninja"", ""Samurai"", ""Berserker"", ""Hunter"", ""MysticKnight"", ""BlackMage"", ""TimeMage"", ""Summoner"", ""Blue Mage"", ""Red Mage"", ""Mediator"", ""Chemist"", ""Geomancer"", ""Bard"", ""Dancer"", ""Mimic""]"
07,Guardian,TRUE,weapon,knife,3,,"[""Knight"", ""Thief"", ""Dragoon"", ""Ninja"", ""Samurai"", ""Berserker"", ""Hunter"", ""MysticKnight"", ""BlackMage"", ""TimeMage"", ""Summoner"", ""Blue Mage"", ""Red Mage"", ""Mediator"", ""Chemist"", ""Geomancer"", ""Bard"", ""Dancer"", ""Mimic""]"
08,Kodachi,TRUE,weapon,knife,3,,[“Ninja”]
09,Orialcon,TRUE,weapon,knife,3,,"[""Knight"", ""Thief"", ""Dragoon"", ""Ninja"", ""Samurai"", ""Berserker"", ""Hunter"", ""MysticKnight"", ""BlackMage"", ""TimeMage"", ""Summoner"", ""Blue Mage"", ""Red Mage"", ""Mediator"", ""Chemist"", ""Geomancer"", ""Bard"", ""Dancer"", ""Mimic""]"
0A,Air Lance,TRUE,weapon,knife,3,,"[""Knight"", ""Thief"", ""Dragoon"", ""Ninja"", ""Samurai"", ""Berserker"", ""Hunter"", ""MysticKnight"", ""BlackMage"", ""TimeMage"", ""Summoner"", ""Blue Mage"", ""Red Mage"", ""Mediator"", ""Chemist"", ""Geomancer"", ""Bard"", ""Dancer"", ""Mimic""]"
0B,Assassin,TRUE,weapon,knife,4,1,"[""Knight"", ""Thief"", ""Dragoon"", ""Ninja"", ""Samurai"", ""Berserker"", ""Hunter"", ""MysticKnight"", ""BlackMage"", ""TimeMage"", ""Summoner"", ""Blue Mage"", ""Red Mage"", ""Mediator"", ""Chemist"", ""Geomancer"", ""Bard"", ""Dancer"", ""Mimic""]"
0C,Sasuke,TRUE,weapon,knife,4,1,[“Ninja”]
0D,Broadsword,TRUE,weapon,sword,1,,"[""Knight"", ""MysticKnight"", ""BlueMage"", ""RedMage""]"
0E,RegalCut,TRUE,weapon,sword,1,,"[""Knight"", ""MysticKnight"", ""BlueMage"", ""RedMage""]"
0F,Mythril Sword,TRUE,weapon,sword,2,,"[""Knight"", ""MysticKnight"", ""BlueMage"", ""RedMage""]"
10,Coral Sword,TRUE,weapon,sword,2,,"[""Knight"", ""MysticKnight"", ""BlueMage"", ""RedMage""]"
11,Ancient Sword,TRUE,weapon,sword,2,,"[""Knight"", ""MysticKnight"", ""BlueMage"", ""RedMage""]"
12,Epee Sword,TRUE,weapon,sword,3,,"[""Knight"", ""MysticKnight"", ""BlueMage"", ""RedMage""]"
13,Slumber Sword,TRUE,weapon,sword,3,,"[""Knight"", ""MysticKnight"", ""BlueMage"", ""RedMage""]"
14,Defender Sword,TRUE,weapon,sword,4,,[“Knight”]
15,Excalibur,TRUE,weapon,sword,4,1,"[""Knight"", ""MysticKnight"", ""BlueMage"", ""RedMage""]"
16,Ragnarok,TRUE,weapon,sword,5,1,[“Knight”]
17,Javelin,TRUE,weapon,spear,1,,[“Dragoon”]
18,Spear,TRUE,weapon,spear,2,,[“Dragoon”]
19,Mythril Spear,TRUE,weapon,spear,2,,[“Dragoon”]
1A,Trident,TRUE,weapon,spear,2,,[“Dragoon”]
1B,Wind Spear,TRUE,weapon,spear,3,,[“Dragoon”]
1C,Partisan,TRUE,weapon,spear,3,,[“Dragoon”]
1D,Gungnir,TRUE,weapon,spear,3,,[“Dragoon”]
1E,DblLance,TRUE,weapon,spear,4,,"[“Thief”, “Ninja”, “Mimic”]"
1F,Holy Lance,TRUE,weapon,spear,4,1,[“Dragoon”]
20,Dragoon Lance,TRUE,weapon,spear,5,1,[“Dragoon”]
21,Battle Axe,TRUE,weapon,axe,2,,[“Berserker”]
22,Mythril Hammer,TRUE,weapon,axe,2,,[“Berserker”]
23,Ogre Killer,TRUE,weapon,axe,3,,[“Berserker”]
24,War Hammer,TRUE,weapon,axe,3,,[“Berserker”]
25,Venom Axe,TRUE,weapon,axe,3,,[“Berserker”]
26,Earth Hammer,TRUE,weapon,axe,4,,[“Berserker”]
27,Rune Axe,TRUE,weapon,axe,4,,[“Berserker”]
28,Thor Hammer,TRUE,weapon,axe,4,1,[“Berserker”]
29,Katana,TRUE,weapon,katana,2,,[“Samurai”]
2A,Air Blade,TRUE,weapon,katana,2,,[“Samurai”]
2B,Kotetsu,TRUE,weapon,katana,3,,[“Samurai”]
2C,Bizen,TRUE,weapon,katana,3,,[“Samurai”]
2D,Forged,TRUE,weapon,katana,3,,[“Samurai”]
2E,Murasume,TRUE,weapon,katana,4,1,[“Samurai”]
2F,Masamune,TRUE,weapon,katana,4,1,[“Samurai”]
30,Tempest,TRUE,weapon,katana,4,1,[“Samurai”]
31,Rod,TRUE,weapon,rod,1,,"[“BlackMage”, “TimeMage”, “Summoner”, “RedMage”, “Mimic”]"
32,Fire Rod,TRUE,weapon,rod,2,,"[“BlackMage”, “TimeMage”, “Summoner”, “RedMage”, “Mimic”]"
33,Ice Rod,TRUE,weapon,rod,2,,"[“BlackMage”, “TimeMage”, “Summoner”, “RedMage”, “Mimic”]"
34,Thunder Rod,TRUE,weapon,rod,2,,"[“BlackMage”, “TimeMage”, “Summoner”, “RedMage”, “Mimic”]"
35,Venom Rod,TRUE,weapon,rod,3,,"[“BlackMage”, “TimeMage”, “Summoner”, “RedMage”, “Mimic”]"
36,Lillith Rod,TRUE,weapon,rod,3,,"[“BlackMage”, “TimeMage”, “Summoner”, “RedMage”, “Mimic”]"
37,Wizard Rod,TRUE,weapon,rod,4,,"[“BlackMage”, “TimeMage”, “Summoner”, “RedMage”, “Mimic”]"
38,Staff,TRUE,weapon,staff,1,,"[“WhiteMage”, “TimeMage”, “RedMage”, “Chemist”, “Mimic”]"
39,Mythril Staff,TRUE,weapon,staff,1,,"[“WhiteMage”, “TimeMage”, “RedMage”, “Chemist”, “Mimic”]"
3A,Power Staff,TRUE,weapon,staff,2,,"[“WhiteMage”, “TimeMage”, “RedMage”, “Chemist”, “Mimic”]"
3B,Healing Staff,TRUE,weapon,staff,2,,"[“WhiteMage”, “TimeMage”, “RedMage”, “Chemist”, “Mimic”]"
3C,Staff of Light,TRUE,weapon,staff,3,,"[“WhiteMage”, “TimeMage”, “RedMage”, “Chemist”, “Mimic”]"
3D,Sage's Staff,TRUE,weapon,staff,3,,"[“WhiteMage”, “TimeMage”, “RedMage”, “Chemist”, “Mimic”]"
3E,Judgement Staff,TRUE,weapon,staff,4,1,"[“WhiteMage”, “TimeMage”, “RedMage”, “Chemist”, “Mimic”]"
3F,Fire Bow,TRUE,weapon,bow,2,,[“Hunter”]
40,Ice Bow,TRUE,weapon,bow,2,,[“Hunter”]
41,Thunder Bow,TRUE,weapon,bow,2,,[“Hunter”]
42,Darkness Bow,TRUE,weapon,bow,2,,[“Hunter”]
43,Killer Bow,TRUE,weapon,bow,3,,[“Hunter”]
44,Elven Bow,TRUE,weapon,bow,3,,[“Hunter”]
45,Yoichi Bow,TRUE,weapon,bow,4,1,[“Hunter”]
46,Artemis Bow,TRUE,weapon,bow,4,1,[“Hunter”]
47,Silver Harp,TRUE,weapon,harp,2,,[“Bard”]
48,Dream Harp,TRUE,weapon,harp,2,,[“Bard”]
49,Lamia's Harp,TRUE,weapon,harp,2,,[“Bard”]
4A,Apollo's Harp,TRUE,weapon,harp,3,1,[“Bard”]
4B,Whip,TRUE,weapon,whip,1,,[“Mediator”]
4C,Chain Whip,TRUE,weapon,whip,1,,[“Mediator”]
4D,Thunder Whip,TRUE,weapon,whip,2,,[“Mediator”]
4E,Flame Whip,TRUE,weapon,whip,3,,[“Mediator”]
4F,Dragon's Whisker,TRUE,weapon,whip,4,1,[“Mediator”]
50,Giyaman,TRUE,weapon,bell,1,,[“Geomancer”]
51,Earth Bell,TRUE,weapon,bell,2,,[“Geomancer”]
52,Rune Chime,TRUE,weapon,bell,3,1,[“Geomancer”]
53,Tinkerbell,TRUE,weapon,bell,4,1,[“Geomancer”]
54,Sabre (*Dummy),FALSE,dummy,dummy,0,0,[]
55,Drain Sword,TRUE,weapon,sword,3,,[“Knight”]
56,RuneEdge,TRUE,weapon,sword,3,,"[""Knight"", ""MysticKnight"", ""BlueMage"", ""RedMage""]"
57,Flametongue,TRUE,weapon,sword,3,,[“Knight”]
58,IceBrand,TRUE,weapon,sword,3,,[“Knight”]
59,Full Moon,TRUE,weapon,flail,3,,"[“Thief”, “Ninja”, “Mimic”]"
5A,Shuriken,TRUE,item,throw,3,,[“Ninja”]
5B,Pinwheel,TRUE,item,throw,3,,[“Ninja”]
5C,Excailbur,TRUE,item,throw,4,1,"[""Knight"", ""Mystic Knight"", ""Blue Mage"", ""Red Mage""]"
5D,BeastKiller,TRUE,weapon,whip,3,,[“Mediator”]
5E,Flail,TRUE,weapon,flail,2,,"[“WhiteMage”, “TimeMage”, “RedMage”, “Chemist”, “Mimic”]"
5F,Morning Star,TRUE,weapon,flail,2,,"[“WhiteMage”, “TimeMage”, “RedMage”, “Chemist”, “Mimic”]"
60,Wonder Wand,TRUE,weapon,rod,3,1,"[“Black Mage”, “Time Mage”, “Summoner”, “Red Mage”, “Mimic”]"
61,Brave Blade,TRUE,weapon,sword,3,1,[“Knight”]
62,Soot,TRUE,weapon,flail,2,,[“Ninja”]
63,Chicken Knife,TRUE,weapon,knife,3,1,"[""Knight"", ""Thief"", ""Dragoon"", ""Ninja"", ""Samurai"", ""Berserker"", ""Hunter"", ""Mystic Knight"", ""Black Mage"", ""Time Mage"", ""Summoner"", ""Blue Mage"", ""Red Mage"", ""Mediator"", ""Chemist"", ""Geomancer"", ""Bard"", ""Dancer"", ""Mimic""]"
64,RisingSun,TRUE,item,throw,3,,"[“Thief”, “Ninja”, “Mimic”]"
65,Silver Bow,TRUE,weapon,bow,2,,[“Hunter”]
66,Gale Bow,TRUE,weapon,bow,3,,[“Hunter”]
67,AntiMagic Bow,TRUE,weapon,bow,4,,[“Hunter”]
68,Avis Killer,TRUE,weapon,bow,4,,[“Hunter”]
69,DoomCut,TRUE,weapon,axe,4,,[“Berserker”]
6A,Giant's Axe,TRUE,weapon,axe,3,,[“Berserker”]
6B,ManEater,TRUE,weapon,knife,3,,[“Dancer”]
6C,Thief Knife,TRUE,weapon,knife,3,1,"[""Knight"", ""Thief"", ""Dragoon"", ""Ninja"", ""Samurai"", ""Berserker"", ""Hunter"", ""Mystic Knight"", ""Black Mage"", ""Time Mage"", ""Summoner"", ""Blue Mage"", ""Red Mage"", ""Mediator"", ""Chemist"", ""Geomancer"", ""Bard"", ""Dancer"", ""Mimic""]"
6D,Dancing Dagger,TRUE,weapon,knife,2,1,"[""Knight"", ""Thief"", ""Dragoon"", ""Ninja"", ""Samurai"", ""Berserker"", ""Hunter"", ""Mystic Knight"", ""Black Mage"", ""Time Mage"", ""Summoner"", ""Blue Mage"", ""Red Mage"", ""Mediator"", ""Chemist"", ""Geomancer"", ""Bard"", ""Dancer"", ""Mimic""]"
6E,Enhancer,TRUE,weapon,sword,4,,"[""Knight"", ""Mystic Knight"", ""Blue Mage"", ""Red Mage""]"
6F,L. Hand,FALSE,dummy,dummy,0,0,[]
70,R. Hand,FALSE,dummy,dummy,0,0,[]
71,<dummy>,FALSE,dummy,dummy,0,0,[]
72,<dummy>,FALSE,dummy,dummy,0,0,[]
73,<dummy>,FALSE,dummy,dummy,0,0,[]
74,<dummy>,FALSE,dummy,dummy,0,0,[]
75,<dummy>,FALSE,dummy,dummy,0,0,[]
76,<dummy>,FALSE,dummy,dummy,0,0,[]
77,<dummy>,FALSE,dummy,dummy,0,0,[]
78,<dummy>,FALSE,dummy,dummy,0,0,[]
79,<dummy>,FALSE,dummy,dummy,0,0,[]
7A,<dummy>,FALSE,dummy,dummy,0,0,[]
7B,<dummy>,FALSE,dummy,dummy,0,0,[]
7C,<dummy>,FALSE,dummy,dummy,0,0,[]
7D,<dummy>,FALSE,dummy,dummy,0,0,[]
7E,<dummy>,FALSE,dummy,dummy,0,0,[]
7F,<dummy>,FALSE,dummy,dummy,0,0,[]
80,<blank>,FALSE,dummy,dummy,0,0,[]
81,Leather Shield,TRUE,armor,shield,1,,"[""Knight"", ""Dragoon"", ""Samurai"", ""Berserker"", ""MysticKnight"", ""BlueMage"", ""Mimic""]"
82,Bronze Shield,TRUE,armor,shield,1,,"[""Knight"", ""Dragoon"", ""Samurai"", ""Berserker"", ""MysticKnight"", ""BlueMage"", ""Mimic""]"
83,Iron Shield,TRUE,armor,shield,2,,"[""Knight"", ""Dragoon"", ""Samurai"", ""Berserker"", ""MysticKnight"", ""BlueMage"", ""Mimic""]"
84,Mythril Shield,TRUE,armor,shield,2,,"[""Knight"", ""Dragoon"", ""Samurai"", ""Berserker"", ""MysticKnight"", ""BlueMage"", ""Mimic""]"
85,Golden Shield,TRUE,armor,shield,3,,"[""Knight"", ""Dragoon"", ""Samurai"", ""Berserker"", ""MysticKnight"", ""BlueMage"", ""Mimic""]"
86,Aegis Shield,TRUE,armor,shield,4,1,"[""Knight"", ""Dragoon"", ""Samurai"", ""Berserker"", ""MysticKnight"", ""BlueMage"", ""Mimic""]"
87,Diamond Shield,TRUE,armor,shield,4,,"[""Knight"", ""Dragoon"", ""Samurai"", ""Berserker"", ""MysticKnight"", ""BlueMage"", ""Mimic""]"
88,Crystal Shield,TRUE,armor,shield,4,,"[""Knight"", ""Dragoon"", ""Samurai"", ""Berserker"", ""MysticKnight"", ""BlueMage"", ""Mimic""]"
89,Leather Cap,TRUE,armor,helm,1,,[“All”]
8A,Bronze Helm,TRUE,armor,helm,1,,"[""Knight"", ""Dragoon"", ""Samurai"", ""Berserker"", ""MysticKnight"", ""Mimic""]"
8B,Iron Helm,TRUE,armor,helm,2,,"[""Knight"", ""Dragoon"", ""Samurai"", ""Berserker"", ""MysticKnight"", ""Mimic""]"
8C,Mythril Helm,TRUE,armor,helm,2,,"[""Knight"", ""Dragoon"", ""Samurai"", ""Berserker"", ""MysticKnight"", ""Mimic""]"
8D,Golden Helm,TRUE,armor,helm,3,,"[""Knight"", ""Dragoon"", ""Samurai"", ""Berserker"", ""MysticKnight"", ""Mimic""]"
8E,Diamond Helm,TRUE,armor,helm,3,,"[""Knight"", ""Dragoon"", ""Samurai"", ""Berserker"", ""MysticKnight"", ""Mimic""]"
8F,Crystal Helm,TRUE,armor,helm,4,,"[""Knight"", ""Dragoon"", ""Samurai"", ""Berserker"", ""MysticKnight"", ""Mimic""]"
90,Plumed Hat,TRUE,armor,helm,1,,[“All”]
91,Tricorn Hat,TRUE,armor,helm,1,,"[""WhiteMage"", ""BlackMage"", ""TimeMage"", ""Summoner"", ""BlueMage"", ""RedMage"", ""Chemist"", ""Geomancer"", ""Bard"", ""Dancer"", ""Mimic""]"
92,Magus,TRUE,armor,helm,2,,"[""WhiteMage"", ""BlackMage"", ""TimeMage"", ""Summoner"", ""BlueMage"", ""RedMage"", ""Chemist"", ""Geomancer"", ""Bard"", ""Dancer"", ""Mimic""]"
93,Circlet,TRUE,armor,helm,3,,"[""WhiteMage"", ""BlackMage"", ""TimeMage"", ""Summoner"", ""BlueMage"", ""RedMage"", ""Chemist"", ""Geomancer"", ""Bard"", ""Dancer"", ""Mimic""]"
94,Gold Hairpin,TRUE,armor,helm,4,,"[""WhiteMage"", ""BlackMage"", ""TimeMage"", ""Summoner"", ""BlueMage"", ""RedMage"", ""Chemist"", ""Geomancer"", ""Bard"", ""Dancer"", ""Mimic""]"
95,Ribbon,TRUE,armor,helm,4,,[“Dancer”]
96,Bandana,TRUE,armor,helm,1,,"[""Monk"", ""Thief"", ""Ninja"", ""Hunter"", ""BlueMage"", ""RedMage"", ""Mediator"", ""Chemist"", ""Dancer"", ""Mimic""]"
97,GrnBeret,TRUE,armor,helm,2,,"[""Monk"", ""Thief"", ""Ninja"", ""Hunter"", ""BlueMage"", ""RedMage"", ""Mediator"", ""Chemist"", ""Dancer"", ""Mimic""]"
98,DarkHood,TRUE,armor,helm,3,,"[""Monk"", ""Thief"", ""Ninja"", ""Hunter"", ""BlueMage"", ""RedMage"", ""Mediator"", ""Chemist"", ""Dancer"", ""Mimic""]"
99,Lamia's Tiara,TRUE,armor,helm,3,,"[""WhiteMage"", ""BlackMage"", ""TimeMage"", ""Summoner"", ""BlueMage"", ""RedMage"", ""Chemist"", ""Geomancer"", ""Bard"", ""Dancer"", ""Mimic""]"
9A,Leather Armor,TRUE,armor,armor,1,,[“All”]
9B,Bronze Armor,TRUE,armor,armor,1,,"[""Knight"", ""Dragoon"", ""Samurai"", ""Berserker"", ""MysticKnight"", ""Mimic""]"
9C,Iron Armor,TRUE,armor,armor,2,,"[""Knight"", ""Dragoon"", ""Samurai"", ""Berserker"", ""MysticKnight"", ""Mimic""]"
9D,Mythril Armor,TRUE,armor,armor,2,,"[""Knight"", ""Dragoon"", ""Samurai"", ""Berserker"", ""MysticKnight"", ""Mimic""]"
9E,Golden Armor,TRUE,armor,armor,3,,"[""Knight"", ""Dragoon"", ""Samurai"", ""Berserker"", ""MysticKnight"", ""Mimic""]"
9F,Diamond Armor,TRUE,armor,armor,3,,"[""Knight"", ""Dragoon"", ""Samurai"", ""Berserker"", ""MysticKnight"", ""Mimic""]"
A0,Crystal Armor,TRUE,armor,armor,4,,"[""Knight"", ""Dragoon"", ""Samurai"", ""Berserker"", ""MysticKnight"", ""Mimic""]"
A1,CopperPlt,TRUE,armor,armor,2,,"[""Knight"", ""Monk"", ""Thief"", ""Dragoon"", ""Ninja"", ""Samurai"", ""Berserker"", ""Hunter"", ""MysticKnight"", ""BlueMage"", ""RedMage"", ""Mediator"", ""Chemist"", ""Dancer"", ""Mimic""]"
A2,Training Suit,TRUE,armor,armor,2,,"[""Knight"", ""Monk"", ""Thief"", ""Dragoon"", ""Ninja"", ""Samurai"", ""Berserker"", ""Hunter"", ""MysticKnight"", ""BlueMage"", ""RedMage"", ""Mediator"", ""Chemist"", ""Dancer"", ""Mimic""]"
A3,Silver Plate,TRUE,armor,armor,3,,"[""Knight"", ""Monk"", ""Thief"", ""Dragoon"", ""Ninja"", ""Samurai"", ""Berserker"", ""Hunter"", ""MysticKnight"", ""BlueMage"", ""RedMage"", ""Mediator"", ""Chemist"", ""Dancer"", ""Mimic""]"
A4,Stealth Suit,TRUE,armor,armor,3,,"[""Knight"", ""Monk"", ""Thief"", ""Dragoon"", ""Ninja"", ""Samurai"", ""Berserker"", ""Hunter"", ""MysticKnight"", ""BlueMage"", ""RedMage"", ""Mediator"", ""Chemist"", ""Dancer"", ""Mimic""]"
A5,DiamndPlt,TRUE,armor,armor,4,,"[""Knight"", ""Monk"", ""Thief"", ""Dragoon"", ""Ninja"", ""Samurai"", ""Berserker"", ""Hunter"", ""MysticKnight"", ""BlueMage"", ""RedMage"", ""Mediator"", ""Chemist"", ""Dancer"", ""Mimic""]"
A6,DarkSuit,TRUE,armor,armor,4,,"[""Knight"", ""Monk"", ""Thief"", ""Dragoon"", ""Ninja"", ""Samurai"", ""Berserker"", ""Hunter"", ""MysticKnight"", ""BlueMage"", ""RedMage"", ""Mediator"", ""Chemist"", ""Dancer"", ""Mimic""]"
A7,Cotton Robe,TRUE,armor,armor,1,,"[""WhiteMage"", ""BlackMage"", ""TimeMage"", ""Summoner"", ""BlueMage"", ""RedMage"", ""Chemist"", ""Geomancer"", ""Bard"", ""Dancer"", ""Mimic""]"
A8,Silk robe,TRUE,armor,armor,1,,"[""WhiteMage"", ""BlackMage"", ""TimeMage"", ""Summoner"", ""BlueMage"", ""RedMage"", ""Chemist"", ""Geomancer"", ""Bard"", ""Dancer"", ""Mimic""]"
A9,Gaia Gear,TRUE,armor,armor,2,,"[""WhiteMage"", ""BlackMage"", ""TimeMage"", ""Summoner"", ""BlueMage"", ""RedMage"", ""Chemist"", ""Geomancer"", ""Bard"", ""Dancer"", ""Mimic""]"
AA,Bard's Surplice,TRUE,armor,armor,2,,"[""WhiteMage"", ""BlackMage"", ""TimeMage"", ""Summoner"", ""BlueMage"", ""RedMage"", ""Chemist"", ""Geomancer"", ""Bard"", ""Dancer"", ""Mimic""]"
AB,Lumina Robe,TRUE,armor,armor,3,,"[""WhiteMage"", ""BlackMage"", ""TimeMage"", ""Summoner"", ""BlueMage"", ""RedMage"", ""Chemist"", ""Geomancer"", ""Bard"", ""Dancer"", ""Mimic""]"
AC,Black Robe,TRUE,armor,armor,3,,"[""WhiteMage"", ""BlackMage"", ""TimeMage"", ""Summoner"", ""BlueMage"", ""RedMage"", ""Chemist"", ""Geomancer"", ""Bard"", ""Dancer"", ""Mimic""]"
AD,White Robe,TRUE,armor,armor,3,,"[""WhiteMage"", ""BlackMage"", ""TimeMage"", ""Summoner"", ""BlueMage"", ""RedMage"", ""Chemist"", ""Geomancer"", ""Bard"", ""Dancer"", ""Mimic""]"
AE,Mirage Vest,TRUE,armor,armor,4,,"[""Knight"", ""Monk"", ""Thief"", ""Dragoon"", ""Ninja"", ""Samurai"", ""Berserker"", ""Hunter"", ""MysticKnight"", ""BlueMage"", ""RedMage"", ""Mediator"", ""Chemist"", ""Dancer"", ""Mimic""]"
AF,Guard Ring,TRUE,armor,acc,3,,[“All”]
B0,Thief's Glove,TRUE,armor,acc,3,,"[“Thief”, “Mimic”]"
B1,Giant's Gloves,TRUE,armor,acc,3,,"[""Knight"", ""Dragoon"", ""Samurai"", ""Berserker"", ""MysticKnight"", ""Mimic""]"
B2,Elf Cape,TRUE,armor,acc,4,,[“All”]
B3,Cursed Ring,TRUE,armor,acc,3,,[“All”]
B4,Glasses,TRUE,armor,acc,3,,[“All”]
B5,Running Shoes,TRUE,armor,acc,4,,[“All”]
B6,Mythril Glove,TRUE,armor,acc,2,,"[""Knight"", ""Dragoon"", ""Samurai"", ""Berserker"", ""MysticKnight"", ""Mimic""]"
B7,Silver Armlet,TRUE,armor,acc,2,,"[""Monk"", ""Thief"", ""Ninja"", ""Hunter"", ""WhiteMage"", ""BlackMage"", ""TimeMage"", ""Summoner"", ""BlueMage"", ""RedMage"", ""Mediator"", ""Chemist"", ""Geomancer"", ""Bard"", ""Dancer"", ""Mimic""]"
B8,Diamond Armlet,TRUE,armor,acc,3,,"[""Monk"", ""Thief"", ""Ninja"", ""Hunter"", ""WhiteMage"", ""BlackMage"", ""TimeMage"", ""Summoner"", ""BlueMage"", ""RedMage"", ""Mediator"", ""Chemist"", ""Geomancer"", ""Bard"", ""Dancer"", ""Mimic""]"
B9,Strength,TRUE,armor,acc,3,,"[""Knight"", ""Monk"", ""Thief"", ""Dragoon"", ""Ninja"", ""Samurai"", ""Berserker"", ""Hunter"", ""MysticKnight"", ""BlueMage"", ""RedMage"", ""Mediator"", ""Chemist"", ""Dancer"", ""Mimic""]"
BA,Power Wrist,TRUE,armor,acc,3,,"[""Monk"", ""Thief"", ""Ninja"", ""Hunter"", ""WhiteMage"", ""BlackMage"", ""TimeMage"", ""Summoner"", ""BlueMage"", ""RedMage"", ""Mediator"", ""Chemist"", ""Geomancer"", ""Bard"", ""Dancer"", ""Mimic""]"
BB,Angel Gwn,TRUE,armor,acc,3,,"[“Chemist”, “Mimic”]"
BC,Angel Ring,TRUE,armor,acc,4,,[“All”]
BD,Flame Ring,TRUE,armor,acc,4,,[“All”]
BE,Coral Ring,TRUE,armor,acc,4,,[“All”]
BF,Bone Mail,TRUE,armor,armor,3,1,"[""Knight"", ""Monk"", ""Thief"", ""Dragoon"", ""Ninja"", ""Samurai"", ""Berserker"", ""Hunter"", ""MysticKnight"", ""BlueMage"", ""RedMage"", ""Mediator"", ""Chemist"", ""Dancer"", ""Mimic""]"
C0,Leather Shoes,TRUE,armor,acc,3,,[“All”]
C1,Kaiser Knuckles,TRUE,armor,acc,3,1,[“All”]
C2,Gauntlets,TRUE,armor,acc,3,,"[""Knight"", ""Dragoon"", ""Samurai"", ""Berserker"", ""MysticKnight"", ""Mimic""]"
C3,Tiger Mask,TRUE,armor,acc,3,,"[""Monk"", ""Thief"", ""Ninja"", ""Hunter"", ""BlueMage"", ""RedMage"", ""Mediator"", ""Chemist"", ""Dancer"", ""Mimic""]"
C4,Flame Shield,TRUE,armor,shield,3,,"[""Knight"", ""Dragoon"", ""Samurai"", ""Berserker"", ""MysticKnight"", ""BlueMage"", ""Mimic""]"
C5,CornaJar,TRUE,armor,acc,4,1,[“All”]
C6,Genji Shield,TRUE,armor,shield,4,1,"[""Knight"", ""Dragoon"", ""Samurai"", ""Berserker"", ""MysticKnight"", ""BlueMage"", ""Mimic""]"
C7,Genji Helm,TRUE,armor,helm,4,1,"[""Knight"", ""Dragoon"", ""Samurai"", ""Berserker"", ""MysticKnight"", ""Mimic""]"
C8,Genji Armor,TRUE,armor,armor,4,1,"[""Knight"", ""Dragoon"", ""Samurai"", ""Berserker"", ""MysticKnight"", ""Mimic""]"
C9,Genji Gloves,TRUE,armor,acc,4,1,"[""Knight"", ""Dragoon"", ""Samurai"", ""Berserker"", ""MysticKnight"", ""Mimic""]"
CA,Wall Ring,TRUE,armor,acc,3,,[“All”]
CB,Coronet,TRUE,armor,helm,2,,[“All”]
CC,Thornlet,TRUE,armor,helm,3,,"[""Knight"", ""Dragoon"", ""Samurai"", ""Berserker"", ""MysticKnight"", ""Mimic""]"
CD,Ice Shield,TRUE,armor,shield,3,,"[""Knight"", ""Dragoon"", ""Samurai"", ""Berserker"", ""MysticKnight"", ""BlueMage"", ""Mimic""]"
CE,Cursed Shield,TRUE,armor,shield,1,,"[""Knight"", ""Dragoon"", ""Samurai"", ""Berserker"", ""MysticKnight"", ""BlueMage"", ""Mimic""]"
CF,Rainbow Dress,TRUE,armor,armor,3,1,[“Dancer”]
D0,Red Shoes,TRUE,armor,acc,3,1,[“Dancer”]
D1,<dummy>,FALSE,dummy,dummy,0,,[]
D2,<dummy>,FALSE,dummy,dummy,0,,[]
D3,<dummy>,FALSE,dummy,dummy,0,,[]
D4,<dummy>,FALSE,dummy,dummy,0,,[]
D5,<dummy>,FALSE,dummy,dummy,0,,[]
D6,<dummy>,FALSE,dummy,dummy,0,,[]
D7,<dummy>,FALSE,dummy,dummy,0,,[]
D8,<dummy>,FALSE,dummy,dummy,0,,[]
D9,<dummy>,FALSE,dummy,dummy,0,,[]
DA,<dummy>,FALSE,dummy,dummy,0,,[]
DB,<dummy>,FALSE,dummy,dummy,0,,[]
DC,<dummy>,FALSE,dummy,dummy,0,,[]
DD,<dummy>,FALSE,dummy,dummy,0,,[]
DE,<dummy>,FALSE,dummy,dummy,0,,[]
DF,<dummy>,FALSE,dummy,dummy,0,,[]
E0,Potion,TRUE,item,restore,1,,[“All”]
E1,HiPotion,TRUE,item,restore,1,,[“All”]
E2,Ether,TRUE,item,restore,2,,[“All”]
E3,Elixir,TRUE,item,restore,3,,[“All”]
E4,Phoenix Down,TRUE,item,restore,2,,[“All”]
E5,Maiden's Kiss,TRUE,item,restore,2,,[“All”]
E6,Revivify,TRUE,item,restore,2,,[“All”]
E7,TurtleShell,TRUE,item,mix,2,,[“Chemist”]
E8,Antidote,TRUE,item,restore,2,,[“All”]
E9,Eyedrop,TRUE,item,restore,2,,[“All”]
EA,DragonFang,TRUE,item,mix,3,,[“Chemist”]
EB,DarkMatter,TRUE,item,mix,3,,[“Chemist”]
EC,Soft,TRUE,item,restore,2,,[“All”]
ED,LuckMallet,TRUE,item,restore,2,,[“All”]
EE,<dummy>,TRUE,dummy,dummy,0,,[]
EF,Magic Lamp,TRUE,item,special,4,,[“All”]
F0,Tent,TRUE,item,restore,1,,[“All”]
F1,Cabin,TRUE,item,restore,1,,[“All”]
F2,Giant Drink,TRUE,item,mix,2,,[“Chemist”]
F3,Power Drink,TRUE,item,mix,2,,[“Chemist”]
F4,Speed Drink,TRUE,item,mix,2,,[“Chemist”]
F5,Protect Drink,TRUE,item,mix,2,,[“Chemist”]
F6,Hero Drink,TRUE,item,mix,2,,[“Chemist”]
F7,DrgnCrest,TRUE,item,special,0,,[]
F8,OmegaMedl,TRUE,item,special,0,,[]
F9,Ramuh,TRUE,item,summon,3,,[“Summoner”]
FA,Shoat,TRUE,item,summon,3,,[“Summoner”]
FB,Golem,TRUE,item,summon,3,,[“Summoner”]
FC,Flame Scroll,TRUE,item,throw,2,,[“Ninja”]
FD,Water Scroll,TRUE,item,throw,2,,[“Ninja”]
FE,Thunder Scroll,TRUE,item,throw,2,,[“Ninja”]
FF,<dummy>,FALSE,dummy,dummy,0,,[]
