idx,idx_hex,monster_name,monster_rank,stats_address,drops_address,name_address,monster_name_python,unique_name,num_gauge_time,num_phys_power,num_phys_mult,num_evade,num_phys_def,num_mag_power,num_mag_def,num_mag_evade,num_hp,num_mp,num_exp,num_gil,num_level,gauge_time,phys_power,phys_mult,evade,phys_def,mag_power,mag_def,mag_evade,hp_lo,hp_hi,mp_lo,mp_hi,exp_lo,exp_hi,gil_lo,gil_hi,atk_index,elemental_immune,status0_immune,status1_immune,status2_immune,elemental_absorb,unavoidable_atk,elemental_weakness,monster_type,special_immune,initial_status0,initial_status1,initial_status2,initial_status3,name_index,level,steal_common,steal_rare,drop_common,drop_rare,steal_common_name,steal_rare_name,drop_common_name,drop_rare_name,name_string
0,0,Goblin,monster,D00000,D05000,E00050,Goblin,Goblin_0,10,5,1,0,0,0,5,0,16,3,10,20,6,0A,5,1,0,0,0,5,0,10,0,3,0,0A,0,14,0,2,0,80,0,0,0,0,0,0,0,0,0,0,0,0,6,0,E0,89,0, ,Potion,Leather Cap, ,66887b9787ffffffffff
1,1,Killer Bee,monster,D00020,D05004,E0005A,Killer_Bee,Killer_Bee_1,10,5,2,10,0,0,5,0,20,0,15,20,1,0A,5,2,0A,0,0,5,0,14,0,0,0,0F,0,14,0,0,20,30,0,0,0,40,0,0,0,88,0,0,0,1,1,E0,0,0,0,Potion, , , ,6a8285857e8b96617e7e
2,2,Nut Eater,monster,D00040,D05008,E00064,Nut_Eater,Nut_Eater_2,10,5,2,0,0,0,5,0,20,0,10,20,1,0A,5,2,0,0,0,5,0,14,0,0,0,0A,0,14,0,0,0,10,0,0,0,0,0,4,0,0,0,1,0,2,1,E0,E0,E0,0,Potion,Potion,Potion, ,6d8e8d96647a8d7e8bff
3,3,Stray Cat,monster,D00060,D0500C,E0006E,Stray_Cat,Stray_Cat_3,10,5,2,0,0,0,5,0,20,0,15,20,2,0A,5,2,0,0,0,5,0,14,0,0,0,0F,0,14,0,0,0,10,0,0,0,0,0,4,0,0,0,0,0,3,2,E0,0,0,0,Potion, , , ,728d8b7a9296627a8dff
4,4,Steel Bat,monster,D00080,D05010,E00078,Steel_Bat,Steel_Bat_4,5,3,2,0,0,0,5,0,20,9961,9,20,2,5,3,2,0,0,0,5,0,14,0,10,27,9,0,14,0,0,20,30,0,0,0,40,0,0,0,88,0,0,0,4,2,E0,0,0,0,Potion, , , ,728d7e7e8596617a8dff
5,5,Dearo,monster,D000A0,D05014,E00082,Dearo,Dearo_5,7,4,1,0,3,0,5,0,16,0,7,20,3,7,4,1,0,3,0,5,0,10,0,0,0,7,0,14,0,0,0,10,0,0,0,0,2,0,0,0,0,0,0,5,3,E0,0,0,0,Potion, , , ,637e7a8b88ffffffffff
6,6,Stroper,monster,D000C0,D05018,E0008C,Stroper,Stroper_6,7,4,2,0,0,0,5,0,20,0,8,20,3,7,4,2,0,0,0,5,0,14,0,0,0,8,0,14,0,0,0,30,0,0,0,0,0,0,0,0,0,0,0,6,3,E0,E0,0,0,Potion,Potion, , ,728d8b88897e8bffffff
7,7,Black Goblin,monster,D000E0,D0501C,E00096,Black_Goblin,Black_Goblin_7,10,5,3,0,0,0,5,0,20,0,20,21,7,0A,5,3,0,0,0,5,0,14,0,0,0,14,0,15,0,0,0,0,0,0,0,0,0,0,0,0,0,0,0,7,7,E0,E0,C0,0,Potion,Potion,Leather Shoes, ,a6a77c849666887b9787
8,8,White Snake,monster,D00100,D05020,E000A0,White_Snake,White_Snake_8,10,5,2,0,0,0,5,0,25,0,20,24,4,0A,5,2,0,0,0,5,0,19,0,0,0,14,0,18,0,0,0,0,0,0,0,0,2,0,0,0,0,0,0,8,4,E0,0,0,0,Potion, , , ,7681957e9672877a847e
9,9,Mold Wind,monster,D00120,D05024,E000AA,Mold_Wind,Mold_Wind_9,10,5,3,0,0,0,5,0,20,5,20,27,1,0A,5,3,0,0,0,5,0,14,0,5,0,14,0,1B,0,0,20,0,0,0,40,40,0,0,0,88,0,0,0,9,1,0,0,E3,0, , ,Elixir, ,6c88857d967682877dff
10,0A,ManiWizard,monster,D00140,D05028,E000B4,ManiWizard,ManiWizard_10,7,5,2,0,0,0,5,0,20,7,20,30,5,7,5,2,0,0,0,5,0,14,0,7,0,14,0,1E,0,0,0,0,0,0,0,80,0,80,0,0,0,0,0,0A,5,E0,E0,31,0,Potion,Potion,Rod, ,6c7a87827682937a8b7d
11,0B,Magic Pot,monster,D00160,D0502C,E000BE,Magic_Pot,Magic_Pot_11,2,70,25,95,255,90,255,99,65001,49805,9961,9961,91,2,46,19,5F,FF,5A,FF,63,E7,FE,50,C3,10,27,10,27,0,0,FF,FF,10,0,0,0,20,18,0,0,60,0,0B,5B,E1,0,E3,0,HiPotion, ,Elixir, ,6c7a80827c966f888dff
12,0C,Sucker,monster,D00180,D05030,E000C8,Sucker,Sucker_12,20,7,3,0,0,0,5,0,50,0,21,40,6,14,7,3,0,0,0,5,0,32,0,0,0,15,0,28,0,0,0,10,0,0,0,0,4,0,18,0,0,0,0,0C,6,0,0,E0,0, , ,Potion, ,728e7c847e8bffffffff
13,0D,Octoraken,monster,D001A0,D05034,E000D2,Octoraken,Octoraken_13,20,8,3,0,0,0,5,0,60,0,21,45,7,14,8,3,0,0,0,5,0,3C,0,0,0,15,0,2D,0,0,0,10,0,0,0,0,0,0,18,0,0,0,0,0D,7,0,0,E0,0, , ,Potion, ,6e7c8d888b7a847e87ff
14,0E,Gatlings,monster,D001C0,D05038,E000DC,Gatlings,Gatlings_14,20,9,3,0,0,0,5,0,80,0,30,42,7,14,9,3,0,0,0,5,0,50,0,0,0,1E,0,2A,0,0,0,10,0,0,0,0,0,4,0,0,0,0,0,0E,7,EC,0,EC,0,Soft, ,Soft, ,667a8d858287808cffff
15,0F,Bighorn,monster,D001E0,D0503C,E000E6,Bighorn,Bighorn_15,20,10,4,0,0,0,5,0,90,0,40,50,8,14,0A,4,0,0,0,5,0,5A,0,0,0,28,0,32,0,0,0,10,0,0,0,0,0,4,0,0,0,0,0,0F,8,E0,0,E0,0,Potion, ,Potion, ,61828081888b87ffffff
16,10,Tatu,monster,D00200,D05040,E000F0,Tatu,Tatu_16,20,11,3,10,3,0,10,10,100,0,50,70,8,14,0B,3,0A,3,0,0A,0A,64,0,0,0,32,0,46,0,0,0,10,0,0,0,0,82,4,0,0,0,0,0,10,8,E0,0,F0,0,Potion, ,Tent, ,737a8d8effffffffffff
17,11,Bander S.,monster,D00220,D05044,E000FA,Bander_S,Bander_S_17,15,14,5,10,0,0,5,0,120,0,60,100,9,0F,0E,5,0A,0,0,5,0,78,0,0,0,3C,0,64,0,0,0,0,0,0,0,0,0,4,0,0,0,0,0,11,9,0,E0,E0,0, ,Potion,Potion, ,617a877d7e8b9672a3ff
18,12,Galura,monster,D00240,D05048,E00104,Galura,Galura_18,10,12,4,0,5,0,5,0,499,0,0,0,9,0A,0C,4,0,5,0,5,0,F4,1,0,0,0,0,0,0,0,0,30,0,0,0,0,FF,20,18,0,0,0,0,12,9,E5,E5,0,0,Maiden's Kiss,Maiden's Kiss, , ,667a858e8b7affffffff
19,13,Skeleton,monster,D00260,D0504C,E0010E,Skeleton,Skeleton_19,15,8,3,0,0,0,5,0,70,0,38,57,10,0F,8,3,0,0,0,5,0,46,0,0,0,26,0,39,0,3,0,F7,F7,1,8,0,11,1,0,0,0,0,0,13,0A,0,0,3,0, , ,Dagger, ,72847e857e8d8887ffff
20,14,Carcurser,monster,D00280,D05050,E00118,Carcurser,Carcurser_20,15,8,4,0,0,0,5,0,75,50,38,60,10,0F,8,4,0,0,0,5,0,4B,0,32,0,26,0,3C,0,0,1,30,0,0,80,0,4,1,0,0,0,0,0,14,0A,E0,E0,E3,0,Potion,Potion,Elixir, ,627a8b7c8e8b8c7e8bff
21,15,UndeadRusk,monster,D002A0,D05054,E00122,UndeadRusk,UndeadRusk_21,20,10,3,0,1,0,5,0,130,0,46,63,11,14,0A,3,0,1,0,5,0,82,0,0,0,2E,0,3F,0,0,0,10,0,0,20,2,44,1,0,0,0,0,0,15,0B,E2,E0,E3,0,Ether,Potion,Elixir, ,74877d7e7a7d718e8c84
22,16,PsychoHead,monster,D002C0,D05058,E0012C,PsychoHead,PsychoHead_22,10,9,3,0,0,0,5,0,90,100,46,66,11,0A,9,3,0,0,0,5,0,5A,0,64,0,2E,0,42,0,0,0,7F,FF,FF,0,0,0,1,0,0,0,0,0,16,0B,0,0,FC,0, , ,Flame Scroll, ,6f8c927c8188677e7a7d
23,17,RockGarter,monster,D002E0,D0505C,E00136,RockGarter,RockGarter_23,10,13,3,0,0,0,5,0,120,0,46,69,11,0A,0D,3,0,0,0,5,0,78,0,0,0,2E,0,45,0,0,0,30,0,0,0,0,1,0,0,0,0,0,0,17,0B,0,E0,0,0, ,Potion, , ,71887c84667a8b8d7e8b
24,18,Gala Cat,monster,D00300,D05060,E00140,Gala_Cat,Gala_Cat_24,15,12,4,15,0,0,0,0,100,20,55,72,12,0F,0C,4,0F,0,0,0,0,64,0,14,0,37,0,48,0,0,20,0,0,0,0,40,0,0,0,88,0,0,0,18,0C,E0,E0,0,0,Potion,Potion, , ,667a857a96627a8dffff
25,19,Cockatrice,monster,D00320,D05064,E0014A,Cockatrice,Cockatrice_25,15,15,3,30,0,0,5,0,100,0,55,75,12,0F,0F,3,1E,0,0,5,0,64,0,0,0,37,0,4B,0,0,10,30,0,0,0,40,0,0,0,88,0,0,0,19,0C,0,EC,0,0, ,Soft, , ,62887c847a8d8b827c7e
26,1A,Blocks,monster,D00340,D05068,E00154,Blocks,Blocks_26,10,13,4,0,8,0,5,0,50,0,55,78,12,0A,0D,4,0,8,0,5,0,32,0,0,0,37,0,4E,0,0,EB,7E,FF,0,0,20,4,0,0,0,0,0,0,1A,0C,E1,B4,0,0,HiPotion,Glasses, , ,6185887c848cffffffff
27,1B,Elf Toad,monster,D00360,D0506C,E0015E,Elf_Toad,Elf_Toad_27,10,15,4,0,0,0,5,0,160,50,65,81,13,0A,0F,4,0,0,0,5,0,A0,0,32,0,41,0,51,0,0,0,30,0,0,0,0,2,0,0,0,0,0,0,1B,0D,0,0,E0,0, , ,Potion, ,64857f9673887a7dffff
28,1C,IceSoldier,monster,D00380,D05070,E00168,IceSoldier,IceSoldier_28,15,17,4,0,0,0,5,0,160,20,65,84,13,0F,11,4,0,0,0,5,0,A0,0,14,0,41,0,54,0,0E,0,20,0,0,2,40,1,80,0,0,0,0,0,1C,0D,E0,0F,0E,0,Potion,Mythril Sword,RegalCut, ,687c7e7288857d827e8b
29,1D,RikaldMage,monster,D003A0,D05074,E00172,RikaldMage,RikaldMage_29,15,17,2,0,0,1,5,0,100,70,75,87,10,0F,11,2,0,0,1,5,0,64,0,46,0,4B,0,57,0,0,0,20,40,0,0,0,0,80,18,0,0,0,0,1D,0A,0,31,32,0, ,Rod,Fire Rod, ,7182847a857d6c7a807e
30,1E,Wyvern,monster,D003C0,D05078,E0017C,Wyvern,Wyvern_30,18,17,5,0,0,0,5,0,200,0,160,90,14,12,11,5,0,0,0,5,0,C8,0,0,0,A0,0,5A,0,0,0,30,60,0,0,0,0,0,18,0,0,0,0,1E,0E,0,4,0,E0, ,Mythril Knife, ,Potion,76928f7e8b87ffffffff
31,1F,Padosule,monster,D003E0,D0507C,E00186,Padosule,Padosule_31,15,19,6,0,0,0,5,0,279,50,100,93,14,0F,13,6,0,0,0,5,0,18,1,32,0,64,0,5D,0,0,0,30,60,0,0,0,4,0,18,0,0,0,0,1F,0E,0,E0,0,0, ,Potion, , ,6f7a7d888c8e857effff
32,20,Byblos,monster,D00400,D05080,E00190,Byblos,Byblos_32,40,30,15,30,10,20,30,20,3586,997,0,0,24,28,1E,0F,1E,0A,14,1E,14,10,0E,E8,3,0,0,0,0,0,0,F8,D4,10,FE,0,11,4,18,0,0,0,0,20,18,EB,ED,0,F5,DarkMatter,LuckMallet, ,Protect Drink,61927b85888cffffffff
33,21,Aegil,monster,D00420,D05084,E0019A,Aegil,Aegil_33,15,19,4,0,0,0,5,0,180,0,120,99,14,0F,13,4,0,0,0,5,0,B4,0,0,0,78,0,63,0,0,0,30,0,0,8,0,0,0,0,0,0,0,0,21,0E,0,E0,0,0, ,Potion, , ,607e808285ffffffffff
34,22,Zuu,monster,D00440,D05088,E001A4,Zuu,Zuu_34,15,22,4,0,0,0,5,0,847,0,359,150,15,0F,16,4,0,0,0,5,0,52,3,0,0,68,1,96,0,0,20,30,40,0,0,40,0,0,0,88,0,0,0,22,0F,E3,0,E3,0,Elixir, ,Elixir, ,798e8effffffffffffff
35,23,Wild Nack,monster,D00460,D0508C,E001AE,Wild_Nack,Wild_Nack_35,10,20,3,0,0,0,10,40,95,100,70,125,15,0A,14,3,0,0,0,0A,28,5F,0,64,0,46,0,7D,0,0,0,10,0,0,0,0,1,4,0,0,0,0,0,23,0F,0,E0,0,0, ,Potion, , ,76947d966d7a7c84ffff
36,24,GrassTurtle,monster,D00480,D05090,E001B8,GrassTurtle,GrassTurtle_36,10,20,5,0,11,0,4,0,250,0,230,100,15,0A,14,5,0,0B,0,4,0,FA,0,0,0,E6,0,64,0,0,0,30,0,0,0,40,2,0,0,0,0,0,0,24,0F,E7,0,0,E7,TurtleShell, , ,TurtleShell,668b7a8c8c738e8bae7e
37,25,Silent Bee,monster,D004A0,D05094,E001C2,Silent_Bee,Silent_Bee_37,15,20,5,0,0,0,5,0,220,50,120,111,16,0F,14,5,0,0,0,5,0,DC,0,32,0,78,0,6F,0,0,20,30,0,0,0,40,0,0,0,88,0,0,0,25,10,0,0,EC,0, , ,Soft, ,72947e878d96617e7eff
38,26,Mithril Drgn,monster,D004C0,D05098,E001CC,Mithril_Drgn,Mithril_Drgn_38,15,28,8,0,15,0,20,0,598,200,269,114,16,0F,1C,8,0,0F,0,14,0,58,2,C8,0,0E,1,72,0,0,20,30,40,0,0,0,0,10,0,88,0,0,0,26,10,9D,E0,B6,0,Mythril Armor,Potion,Mythril Glove, ,6c95818b9496638b8087
39,27,Ramuh,monster,D004E0,D0509C,E001D6,Ramuh,Ramuh_39,45,27,8,10,20,50,5,10,3985,299,0,0,21,2D,1B,8,0A,14,32,5,0A,A0,0F,2C,1,0,0,0,0,34,0,64,F4,0,4,0,0,80,18,0,0,0,0,27,15,E1,E1,0,F9,HiPotion,HiPotion, ,Ramuh,717a868e81ffffffffff
40,28,Crew Dust,monster,D00500,D050A0,E001E0,Crew_Dust,Crew_Dust_40,15,21,3,0,0,0,5,0,240,100,130,120,17,0F,15,3,0,0,0,5,0,F0,0,64,0,82,0,78,0,0,3D,F6,FF,FF,0,21,C2,0,0,88,0,0,0,28,11,E9,E0,0,0,Eyedrop,Potion, , ,628b7e9096638e8c8dff
41,29,PoItergeist,monster,D00520,D050A4,E001EA,PoItergeist,PoItergeist_41,20,21,5,10,0,0,5,0,240,100,135,123,17,14,15,5,0A,0,0,5,0,F0,0,64,0,87,0,7B,0,0,3D,F7,FF,FF,2,0,C0,1,0,88,0,0,0,29,11,0,E1,0,0, ,HiPotion, , ,6f88ad7e8b807e828c8d
42,2A,Motor Trap,monster,D00540,D050A8,E001F4,Motor_Trap,Motor_Trap_42,20,24,5,0,10,0,0,0,240,100,150,126,17,14,18,5,0,0A,0,0,0,F0,0,64,0,96,0,7E,0,0,20,77,F0,0,0,40,4,0,8,88,0,0,0,2A,11,0,E2,0,0, ,Ether, , ,6c888d888b96738b7a89
43,2B,Defeater,monster,D00560,D050AC,E001FE,Defeater,Defeater_43,20,22,4,0,0,0,0,0,259,100,150,129,18,14,16,4,0,0,0,0,0,4,1,64,0,96,0,81,0,0,20,30,0,0,0,0,2,0,0,88,0,0,0,2B,12,0,E0,F4,0, ,Potion,Speed Drink, ,637e7f7e7a8d7e8bffff
44,2C,Garkimasra,monster,D00580,D050B0,E00208,Garkimasra,Garkimasra_44,35,50,10,50,50,50,50,50,664,4981,0,1,20,23,32,0A,32,32,32,32,32,9A,2,88,13,0,0,1,0,0,0,FF,FF,10,FF,0,FF,20,0,0,0,0,0,2C,14,E3,F5,E4,0,Elixir,Protect Drink,Phoenix Down, ,667a8b8482867a8c8b7a
45,2D,Sergeant,monster,D005A0,D050B4,E00212,Sergeant,Sergeant_45,20,25,5,0,0,0,0,0,399,100,160,132,0,14,19,5,0,0,0,0,0,90,1,64,0,A0,0,84,0,0D,0,0,0,0,0,0,0,80,0,0,0,0,0,2D,0,E0,E0,A3,0,Potion,Potion,Silver Plate, ,727e8b807e7a878dffff
46,2E,Sorcerer,monster,D005C0,D050B8,E0021C,Sorcerer,Sorcerer_46,20,20,5,0,0,0,0,0,349,499,180,138,18,14,14,5,0,0,0,0,0,5E,1,F4,1,B4,0,8A,0,0,0,0,0,0,0,0,0,80,0,0,0,0,0,2E,12,A9,6,E2,0,Gaia Gear,Mage Masher,Ether, ,72888b7c7e8b7e8bffff
47,2F,Karnak,monster,D005E0,D050BC,E00226,Karnak,Karnak_47,10,20,4,10,0,0,0,20,140,0,140,141,19,0A,14,4,0A,0,0,0,14,8C,0,0,0,8C,0,8D,0,0,0,10,0,0,0,0,0,4,0,0,0,0,0,2F,13,0,E0,0,0, ,Potion, , ,6a7a8b877a84ffffffff
48,30,Gigas,monster,D00600,D050C0,E00230,Gigas,Gigas_48,20,28,5,0,0,0,0,10,758,35,349,144,19,14,1C,5,0,0,0,0,0A,F8,2,23,0,5E,1,90,0,0,0,30,40,0,40,0,0,80,0,88,0,0,0,30,13,0,E3,0,F2, ,Elixir, ,Giant Drink,6682807a8cffffffffff
49,31,Page 32,monster,D00620,D050C4,E0023A,Page_32,Page_32_49,30,27,5,0,0,0,5,0,479,499,180,147,19,1E,1B,5,0,0,0,5,0,E0,1,F4,1,B4,0,93,0,0,0,F6,FF,10,0,0,1,0,0,0,0,0,0,31,13,97,E0,E0,0,GrnBeret,Potion,Potion, ,6f7a807e965655ffffff
50,32,Page 64,monster,D00640,D050C8,E00244,Page_64,Page_64_50,35,27,5,0,1,0,5,0,499,499,200,150,20,23,1B,5,0,1,0,5,0,F4,1,F4,1,C8,0,96,0,0,0,F6,FF,10,0,0,1,0,0,0,0,0,0,32,14,B4,E0,E4,0,Glasses,Potion,Phoenix Down, ,6f7a807e965957ffffff
51,33,Page 128,monster,D00660,D050CC,E0024E,Page_128,Page_128_51,35,28,5,0,0,0,5,0,698,499,190,153,20,23,1C,5,0,0,0,5,0,BC,2,F4,1,BE,0,99,0,0,0,F6,FF,10,0,0,1,0,0,0,0,0,0,33,14,0,E2,E0,0, ,Ether,Potion, ,6f7a807e9654555bffff
52,34,Page 256,monster,D00680,D050D0,E00258,Page_256,Page_256_52,35,29,6,10,0,0,5,0,897,499,210,156,21,23,1D,6,0A,0,0,5,0,84,3,F4,1,D2,0,9C,0,0,0,F6,FF,10,0,0,1,0,0,0,0,0,0,34,15,A4,E1,84,0,Stealth Suit,HiPotion,Mythril Shield, ,6f7a807e96555859ffff
53,35,Ifrit,monster,D006A0,D050D4,E00262,Ifrit,Ifrit_53,40,29,6,20,10,32,20,10,2989,997,0,0,22,28,1D,6,14,0A,20,14,0A,B8,0B,E8,3,0,0,0,0,0,8,30,40,0,1,0,82,20,18,0,0,0,0,35,16,0,E4,0,FC, ,Phoenix Down, ,Flame Scroll,687f8b828dffffffffff
54,36,Bomb,monster,D006C0,D050D8,E0026C,Bomb,Bomb_54,15,29,5,0,0,0,5,0,439,50,230,162,21,0F,1D,5,0,0,0,5,0,B8,1,32,0,E6,0,A2,0,0,0,30,0,0,0,0,0,0,0,0,0,0,0,36,15,0,E0,E0,0, ,Potion,Potion, ,6188867bffffffffffff
55,37,TwinLizard,monster,D006E0,D050DC,E00276,TwinLizard,TwinLizard_55,15,29,5,0,20,0,5,0,698,0,259,165,21,0F,1D,5,0,14,0,5,0,BC,2,0,0,4,1,A5,0,0,0,10,0,0,0,0,2,0,0,0,0,0,0,37,15,0,0,E0,0, , ,Potion, ,739082876b82937a8b7d
56,38,BioSoldier,monster,D00700,D050E0,E00280,BioSoldier,BioSoldier_56,15,30,6,10,0,0,5,0,538,499,319,168,18,0F,1E,6,0A,0,0,5,0,1C,2,F4,1,40,1,A8,0,0E,8,24,0,0,8,0,0,80,0,0,0,0,0,38,12,24,21,E8,0,War Hammer,Battle Axe,Antidote, ,6182887288857d827e8b
57,39,Crescent,monster,D00720,D050E4,E0028A,Crescent,Crescent_57,20,30,6,0,0,0,5,0,578,0,299,171,22,14,1E,6,0,0,0,5,0,44,2,0,0,2C,1,AB,0,0,0,0,0,0,0,0,0,0,0,0,0,0,0,39,16,0,65,69,0, ,Silver Bow,DoomCut, ,628b7e8c7c7e878dffff
58,3A,BlackFlame,monster,D00740,D050E8,E00294,BlackFlame,BlackFlame_58,20,28,6,50,0,0,25,0,220,100,289,174,22,14,1C,6,32,0,0,19,0,DC,0,64,0,22,1,AE,0,0,0,70,40,0,78,20,80,0,0,0,0,0,0,3A,16,F4,0,F4,0,Speed Drink, ,Speed Drink, ,61857a7c8465857a867e
59,3B,StoneGolem,monster,D00760,D050EC,E0029E,StoneGolem,StoneGolem_59,20,32,6,0,20,0,50,0,997,0,548,177,22,14,20,6,0,14,0,32,0,E8,3,0,0,26,2,B1,0,0,28,FE,80,0,0,0,4,20,0,0,0,40,0,3B,16,0,EC,E1,0, ,Soft,HiPotion, ,728d88877e6688857e86
60,3C,MiniDragon,monster,D00780,D050F0,E002A8,MiniDragon,MiniDragon_60,20,30,6,30,30,50,20,0,997,100,897,180,22,14,1E,6,1E,1E,32,14,0,E8,3,64,0,84,3,B4,0,0,0,DF,FF,10,0,0,0,10,0,0,0,0,0,3C,16,EA,0,0,0,DragonFang, , , ,6c828782638b7a808887
61,3D,Prototype,monster,D007A0,D050F4,E002B2,Prototype,Prototype_61,20,33,6,0,100,10,100,0,4981,997,1993,0,23,14,21,6,0,64,0A,64,0,88,13,E8,3,D0,7,0,0,0,0,B4,F0,10,0,0,0,20,0,0,0,0,0,3D,17,0,E2,0,EB, ,Ether, ,DarkMatter,6f8b888d888d92897eff
62,3E,D.Chimera,monster,D007C0,D050F8,E002BC,DChimera,DChimera_62,40,50,10,0,20,0,20,0,997,150,997,186,23,28,32,0A,0,14,0,14,0,E8,3,96,0,E8,3,BA,0,0,0,FF,FF,10,80,0,0,24,0,0,0,0,0,3E,17,1A,0,E4,0,Trident, ,Phoenix Down, ,63a3628182867e8b7aff
63,3F,Sand Porky,monster,D007E0,D050FC,E002C6,Sand_Porky,Sand_Porky_63,20,33,5,0,5,0,5,0,419,0,259,189,23,14,21,5,0,5,0,5,0,A4,1,0,0,4,1,BD,0,0,0,30,0,0,0,0,80,40,0,0,0,0,0,3F,17,0,E0,E0,0, ,Potion,Potion, ,727a877d966f888b8492
64,40,Sand Killer,monster,D00800,D05100,E002D0,Sand_Killer,Sand_Killer_64,20,34,6,0,0,0,5,0,618,0,299,192,23,14,22,6,0,0,0,5,0,6C,2,0,0,2C,1,C0,0,0,0,10,0,0,0,0,80,41,0,0,0,0,0,40,17,0,0,E8,0, , ,Antidote, ,727a877d966a82987e8b
65,41,Sand Bear,monster,D00820,D05104,E002DA,Sand_Bear,Sand_Bear_65,35,36,8,0,10,0,10,10,997,0,359,195,24,23,24,8,0,0A,0,0A,0A,E8,3,0,0,68,1,C3,0,0,0,10,0,0,0,0,80,44,0,0,0,0,0,41,18,17,0,0,E8,Javelin, , ,Antidote,727a877d96617e7a8bff
66,42,Ra Mage,monster,D00840,D05108,E002E4,Ra_Mage,Ra_Mage_66,25,25,5,0,0,0,0,0,758,200,369,198,19,19,19,5,0,0,0,0,0,F8,2,C8,0,72,1,C6,0,0,0,20,0,0,0,0,0,80,0,0,0,0,0,42,13,0,AA,E3,0, ,Bard's Surplice,Elixir, ,717a966c7a807effffff
67,43,LonkaKnght,monster,D00860,D0510C,E002EE,LonkaKnght,LonkaKnght_67,25,36,6,20,20,0,10,10,857,0,379,201,24,19,24,6,14,14,0,0A,0A,5C,3,0,0,7C,1,C9,0,0,0,24,10,0,0,40,0,80,0,0,0,0,0,43,18,F3,E1,84,0,Power Drink,HiPotion,Mythril Shield, ,6b8887847a6a8780818d
68,44,StonedMask,monster,D00880,D05110,E002F8,StonedMask,StonedMask_68,25,34,4,0,20,0,0,0,449,20,319,204,24,19,22,4,0,14,0,0,0,C2,1,14,0,40,1,CC,0,0,0,FC,E0,0,0,0,4,0,0,0,0,0,0,44,18,0,EC,0,0, ,Soft, , ,728d88877e7d6c7a8c84
69,45,Whirl Demon,monster,D008A0,D05114,E00302,Whirl_Demon,Whirl_Demon_69,30,35,5,0,2,10,0,0,997,200,469,207,24,1E,23,5,0,2,0A,0,0,E8,3,C8,0,D6,1,CF,0,0,0,30,0,0,40,0,0,0,0,88,0,0,0,45,18,E3,E0,42,0,Elixir,Potion,Darkness Bow, ,7681af8596637e868887
70,46,Lamia,monster,D008C0,D05118,E0030C,Lamia,Lamia_70,35,35,5,0,0,0,3,0,897,100,489,210,24,23,23,5,0,0,0,3,0,84,3,64,0,EA,1,D2,0,0,0,50,10,0,8,0,2,4,0,0,0,0,0,46,18,99,E5,0,0,Lamia's Tiara,Maiden's Kiss, , ,6b7a86827affffffffff
71,47,ArchaeToad,monster,D008E0,D0511C,E00316,ArchaeToad,ArchaeToad_71,25,34,6,0,0,0,0,0,797,100,389,213,25,19,22,6,0,0,0,0,0,20,3,64,0,86,1,D5,0,0,0,30,0,0,0,0,2,2,0,0,0,0,0,47,19,E1,0,0,0,HiPotion, , , ,608b7c817a7e73887a7d
72,48,Hyudora,monster,D00900,D05120,E00320,Hyudora,Hyudora_72,45,38,6,0,10,0,5,0,1993,997,1793,216,25,2D,26,6,0,0A,0,5,0,D0,7,E8,3,8,7,D8,0,0,0,70,20,0,4,0,0,10,0,0,0,0,0,48,19,E1,E2,EA,0,HiPotion,Ether,DragonFang, ,67928e7d888b7affffff
73,49,Hydra,monster,D00920,D05124,E0032A,Hydra,Hydra_73,50,42,8,10,20,0,5,10,2989,997,3096,219,26,32,2A,8,0A,14,0,5,0A,B8,0B,E8,3,24,0C,DB,0,0,0,3C,50,10,EE,0,0,11,10,80,0,80,0,49,1A,43,0,0,E4,Killer Bow, , ,Phoenix Down,67927d8b7affffffffff
74,4A,Water Buzz,monster,D00940,D05128,E00334,Water_Buzz,Water_Buzz_74,25,37,5,0,0,0,5,0,598,50,329,222,26,19,25,5,0,0,0,5,0,58,2,32,0,4A,1,DE,0,0,0,10,0,0,80,0,4,4,0,0,0,0,0,4A,1A,E2,0,0,0,Ether, , , ,767a8d7e8b96618e9393
75,4B,Torrent,monster,D00960,D0512C,E0033E,Torrent,Torrent_75,25,36,6,0,0,0,5,0,698,50,329,225,26,19,24,6,0,0,0,5,0,BC,2,32,0,4A,1,E1,0,0,0,30,20,0,0,0,1,0,0,0,0,0,0,4B,1A,E0,E1,E0,0,Potion,HiPotion,Potion, ,73888b8b7e878dffffff
76,4C,Rock Brain,monster,D00980,D05130,E00348,Rock_Brain,Rock_Brain_76,30,37,5,0,0,0,5,0,598,100,329,228,26,1E,25,5,0,0,0,5,0,58,2,64,0,4A,1,E4,0,0,0,FF,FF,0,1,0,4,0,0,0,0,0,0,4C,1A,E3,0,0,0,Elixir, , , ,71887c8496618b7a8287
77,4D,Tarantula,monster,D009A0,D05134,E00352,Tarantula,Tarantula_77,20,35,4,0,0,0,0,0,200,0,88,231,27,14,23,4,0,0,0,0,0,C8,0,0,0,58,0,E7,0,0,0,30,0,0,8,0,2,0,0,0,0,0,0,4D,1B,0,0,0,E0, , , ,Potion,737a8b7a878d8e857aff
78,4E,Jail Bear,monster,D009C0,D05138,E0035C,Jail_Bear,Jail_Bear_78,20,37,6,0,0,0,0,0,379,0,89,333,27,14,25,6,0,0,0,0,0,7C,1,0,0,59,0,4E,1,0,0,10,0,0,0,0,0,4,0,0,0,0,0,4E,1B,18,0,E1,0,Spear, ,HiPotion, ,697a828596617e7a8bff
79,4F,Lunenta,monster,D009E0,D0513C,E00366,Lunenta,Lunenta_79,30,36,6,0,0,0,5,0,997,100,352,237,27,1E,24,6,0,0,0,5,0,E8,3,64,0,61,1,ED,0,0,0,10,64,0,0,0,0,4,0,0,0,0,0,4F,1B,E4,0,E2,0,Phoenix Down, ,Ether, ,6b8e877e878d7affffff
80,50,Dilure,monster,D00A00,D05140,E00370,Dilure,Dilure_80,25,35,6,0,0,0,5,0,997,499,352,240,27,19,23,6,0,0,0,5,0,E8,3,F4,1,61,1,F0,0,0,0,10,0,0,80,0,0,0,0,0,0,0,0,50,1B,0,E0,E0,0, ,Potion,Potion, ,6382858e8b7effffffff
81,51,Faerie Orc,monster,D00A20,D05144,E0037A,Faerie_Orc,Faerie_Orc_81,25,36,7,0,0,0,5,0,997,997,384,243,28,19,24,7,0,0,0,5,0,E8,3,E8,3,81,1,F3,0,0,20,30,0,0,10,40,0,0,0,88,0,0,0,51,1C,E0,E6,E1,0,Potion,Revivify,HiPotion, ,657a7e8b827e966e8b7c
82,52,Devourer,monster,D00A40,D05148,E00384,Devourer,Devourer_82,25,37,7,0,0,0,5,0,997,100,384,246,28,19,25,7,0,0,0,5,0,E8,3,64,0,81,1,F6,0,0,0,10,0,0,4,0,0,0,0,0,0,0,0,52,1C,E1,0,0,0,HiPotion, , , ,637e8f888e8b7e8bffff
83,53,Mandrake,monster,D00A60,D0514C,E0038E,Mandrake,Mandrake_83,25,36,7,0,0,0,5,0,997,100,384,249,28,19,24,7,0,0,0,5,0,E8,3,64,0,81,1,F9,0,0,0,30,60,0,0,0,1,1,0,0,0,0,0,53,1C,E8,E9,0,0,Antidote,Eyedrop, , ,6c7a877d8b7a847effff
84,54,Kuzar,monster,D00A80,D05150,E00398,Kuzar,Kuzar_84,35,45,7,0,10,0,0,0,4981,997,997,997,28,23,2D,7,0,0A,0,0,0,88,13,E8,3,E8,3,E8,3,0,0,30,E0,0,0,0,40,4,0,0,0,0,0,54,1C,0,0,E3,0, , ,Elixir, ,6a8e937a8bffffffffff
85,55,Cactus,monster,D00AA0,D05154,E003A2,Cactus,Cactus_85,25,37,7,0,0,0,5,0,997,50,418,255,29,19,25,7,0,0,0,5,0,E8,3,32,0,A3,1,FF,0,0,0,10,0,0,0,0,80,60,0,0,0,0,0,55,1D,EC,E0,0,0,Soft,Potion, , ,627a7c8d8e8cffffffff
86,56,Sand Crawl,monster,D00AC0,D05158,E003AC,Sand_Crawl,Sand_Crawl_86,35,45,7,0,10,0,5,50,14942,997,997,997,29,23,2D,7,0,0A,0,5,32,98,3A,E8,3,E8,3,E8,3,0,0,30,0,0,0,0,0,60,0,0,0,0,0,56,1D,F0,0,0,F3,Tent, , ,Power Drink,727a877d96628b7a9085
87,57,ShieldDrgn,monster,D00AE0,D0515C,E003B6,ShieldDrgn,ShieldDrgn_87,40,40,25,0,40,0,25,50,19921,19922,9961,997,29,28,28,19,0,28,0,19,32,1F,4E,20,4E,10,27,E8,3,0,0,F0,70,10,0,0,0,30,0,80,0,E0,0,57,1D,85,84,85,0,Golden Shield,Mythril Shield,Golden Shield, ,7281827e857d638b8087
88,58,Blood Slime,monster,D00B00,D05160,E003C0,Blood_Slime,Blood_Slime_88,25,36,6,0,39,0,0,0,598,100,364,263,29,19,24,6,0,27,0,0,0,58,2,64,0,6D,1,8,1,0,0,10,0,0,0,7F,1,0,0,4,0,0,0,58,1D,0,E6,E6,0, ,Revivify,Revivify, ,618588887d967297867e
89,59,Acrophese,monster,D00B20,D05164,E003CA,Acrophese,Acrophese_89,25,36,7,0,20,0,20,0,897,0,409,266,30,19,24,7,0,14,0,14,0,84,3,0,0,9A,1,0B,1,0,0,30,0,0,80,0,4,0,0,0,0,0,0,59,1E,0,E0,0,0, ,Potion, , ,607c8b8889817e8c7eff
90,5A,MooglEater,monster,D00B40,D05168,E003D4,MooglEater,MooglEater_90,30,39,6,0,5,0,5,0,997,50,663,269,23,1E,27,6,0,5,0,5,0,E8,3,32,0,99,2,0E,1,0,0,10,0,0,0,0,4,0,0,0,0,0,0,5A,17,E1,0,0,0,HiPotion, , , ,6c88888085647a8d7e8b
91,5B,Lopros,monster,D00B60,D0516C,E003DE,Lopros,Lopros_91,39,42,7,0,30,0,15,0,2292,200,885,272,32,27,2A,7,0,1E,0,0F,0,FC,8,C8,0,78,3,11,1,0,8,34,60,0,0,40,1,8,0,88,0,0,0,5B,20,0,E1,E1,0, ,HiPotion,HiPotion, ,6b88898b888cffffffff
92,5C,Skull Eater,monster,D00B80,D05170,E003E8,Skull_Eater,Skull_Eater_92,50,50,30,90,90,90,90,90,1,100,299,100,32,32,32,1E,5A,5A,5A,5A,5A,1,0,64,0,2C,1,64,0,0,0,0,0,0,0,0,0,4,0,0,0,0,0,5C,20,0,F0,E3,0, ,Tent,Elixir, ,72848e9896647a8d7e8b
93,5D,Aquathone,monster,D00BA0,D05174,E003F2,Aquathone,Aquathone_93,30,39,6,0,0,0,5,0,797,100,489,278,31,1E,27,6,0,0,0,5,0,20,3,64,0,EA,1,17,1,0,0,10,0,0,80,0,4,0,0,0,0,0,0,5D,1F,0,E0,E8,0, ,Potion,Antidote, ,608a8e7a8d8188877eff
94,5E,Weresnake,monster,D00BC0,D05178,E003FC,Weresnake,Weresnake_94,30,40,5,10,0,0,5,0,897,20,489,281,31,1E,28,5,0A,0,0,5,0,84,3,14,0,EA,1,1A,1,0,0,10,0,0,0,0,2,0,0,4,0,0,0,5E,1F,0,E0,E1,0, ,Potion,HiPotion, ,767e8b7e8c877a847eff
95,5F,Conago,monster,D00BE0,D0517C,E00406,Conago,Conago_95,30,38,6,0,0,0,5,0,997,299,510,284,31,1E,26,6,0,0,0,5,0,E8,3,2C,1,0,2,1D,1,0,0,30,0,0,0,0,2,0,0,0,0,0,0,5F,1F,0,E0,E9,0, ,Potion,Eyedrop, ,6288877a8088ffffffff
96,60,Ridicule,monster,D00C00,D05180,E00410,Ridicule,Ridicule_96,35,41,7,0,5,0,0,0,1375,200,897,287,31,23,29,7,0,5,0,0,0,64,5,C8,0,84,3,20,1,0,0,20,0,0,0,0,4,0,0,0,0,0,0,60,1F,0,E5,F6,0, ,Maiden's Kiss,Hero Drink, ,71827d827c8e857effff
97,61,Andagranda,monster,D00C20,D05184,E0041A,Andagranda,Andagranda_97,30,42,8,0,5,0,0,0,1445,200,518,290,24,1E,2A,8,0,5,0,0,0,AA,5,C8,0,8,2,23,1,0,0,30,0,0,20,0,20,0,0,0,0,0,0,61,18,0,0,F5,0, , ,Protect Drink, ,60877d7a808b7a877d7a
98,62,Drippy,monster,D00C40,D05188,E00424,Drippy,Drippy_98,35,35,5,0,5,0,5,0,897,100,538,293,32,23,23,5,0,5,0,5,0,84,3,64,0,1C,2,26,1,0,0,20,40,0,0,0,8,80,0,0,0,0,0,62,20,AA,22,F0,0,Bard's Surplice,Mythril Hammer,Tent, ,638b82898992ffffffff
99,63,Likaon,monster,D00C60,D0518C,E0042E,Likaon,Likaon_99,30,36,7,0,5,0,0,0,499,0,299,200,32,1E,24,7,0,5,0,0,0,F4,1,0,0,2C,1,C8,0,0,0,10,0,0,0,0,1,4,0,0,0,0,0,63,20,E1,0,E6,0,HiPotion, ,Revivify, ,6b82847a8887ffffffff
100,64,BoneDragon,monster,D00C80,D05190,E00438,BoneDragon,BoneDragon_100,28,39,7,0,10,0,5,10,2580,9961,887,299,32,1C,27,7,0,0A,0,5,0A,1E,0A,10,27,7A,3,2C,1,0,0,34,40,0,0,0,1,31,0,0,0,0,0,64,20,0,EC,E2,0, ,Soft,Ether, ,6188877e638b7a808887
101,65,Sting Eagle,monster,D00CA0,D05194,E00442,Sting_Eagle,Sting_Eagle_101,35,37,7,50,0,0,0,50,100,0,499,302,32,23,25,7,32,0,0,0,32,64,0,0,0,F4,1,2F,1,0,28,34,0,0,8,40,0,0,0,88,0,0,0,65,20,66,0,E8,0,Gale Bow, ,Antidote, ,72a4878096647a80857e
102,66,ZombieDrgn,monster,D00CC0,D05198,E0044C,ZombieDrgn,ZombieDrgn_102,29,46,8,0,10,0,5,20,4573,0,1644,499,24,1D,2E,8,0,0A,0,5,14,EE,11,0,0,72,6,F4,1,0,0,14,70,0,0,0,1,11,0,0,0,0,0,66,18,EB,0,0,EA,DarkMatter, , ,DragonFang,7988867b827e638b8087
103,67,Golem,monster,D00CE0,D0519C,E00456,Golem,Golem_103,10,40,8,0,0,0,0,0,2491,997,0,0,3,0A,28,8,0,0,0,0,0,C4,9,E8,3,0,0,0,0,0,0,F0,0,0,0,0,0,0,18,0,0,0,0,67,3,EC,EC,0,0,Soft,Soft, , ,6688857e86ffffffffff
104,68,Neon,monster,D00D00,D051A0,E00460,Neon,Neon_104,25,44,6,20,5,0,5,0,698,100,598,311,33,19,2C,6,14,5,0,5,0,BC,2,64,0,58,2,38,1,0,0,30,0,0,0,0,0,0,0,0,0,0,0,68,21,0,F4,F4,0, ,Speed Drink,Speed Drink, ,6d7e8887ffffffffffff
105,69,Magnetes,monster,D00D20,D051A4,E0046A,Magnetes,Magnetes_105,35,43,5,40,10,0,5,0,1196,100,608,314,33,23,2B,5,28,0A,0,5,0,B0,4,64,0,62,2,3B,1,0,20,30,70,0,0,0,4,20,0,88,0,0,0,69,21,0,0,E1,0, , ,HiPotion, ,6c7a80877e8d7e8cffff
106,6A,Wall Knight,monster,D00D40,D051A8,E00474,Wall_Knight,Wall_Knight_106,30,47,7,0,30,0,0,0,1594,200,698,317,33,1E,2F,7,0,1E,0,0,0,40,6,C8,0,BC,2,3E,1,23,0,20,0,0,0,0,0,80,0,80,0,80,0,6A,21,25,24,CA,0,Venom Axe,War Hammer,Wall Ring, ,767a98966a878280818d
107,6B,Traveler,monster,D00D60,D051AC,E0047E,Traveler,Traveler_107,35,40,6,20,0,0,5,0,1395,100,578,320,33,23,28,6,14,0,0,5,0,78,5,64,0,44,2,41,1,3C,20,20,0,0,0,0,0,80,0,88,0,0,0,6B,21,48,0,48,0,Dream Harp, ,Dream Harp, ,738b7a8f7e857e8bffff
108,6C,Tricker,monster,D00D80,D051B0,E00488,Tricker,Tricker_108,30,41,6,10,10,0,5,10,1295,100,708,323,34,1E,29,6,0A,0A,0,5,0A,14,5,64,0,C6,2,44,1,0,0,30,0,0,0,0,4,0,0,0,0,0,0,6C,22,0,E0,E1,0, ,Potion,HiPotion, ,738b827c847e8bffffff
109,6D,Gravido,monster,D00DA0,D051B4,E00492,Gravido,Gravido_109,35,38,7,10,20,0,10,0,1793,200,718,326,34,23,26,7,0A,14,0,0A,0,8,7,C8,0,D0,2,47,1,0,0,20,0,0,0,0,0,A0,0,0,0,0,0,6D,22,E1,0,A9,0,HiPotion, ,Gaia Gear, ,668b7a8f827d88ffffff
110,6E,Ziggurat,monster,D00DC0,D051B8,E0049C,Ziggurat,Ziggurat_110,31,49,8,10,20,0,10,20,2411,499,1196,329,34,1F,31,8,0A,14,0,0A,14,74,9,F4,1,B0,4,4A,1,0,20,30,0,0,40,0,0,80,0,88,0,0,0,6E,22,1C,0,F2,0,Partisan, ,Giant Drink, ,798280808e8b7a8dffff
111,6F,Cure Beast,monster,D00DE0,D051BC,E004A6,Cure_Beast,Cure_Beast_111,35,42,6,10,0,0,5,0,997,100,618,332,34,23,2A,6,0A,0,0,5,0,E8,3,64,0,6C,2,4D,1,0,0,0,0,0,0,0,0,0,0,0,0,0,0,6F,22,E1,0,E3,0,HiPotion, ,Elixir, ,628e8b7e96617e7a8c8d
112,70,Land Turtle,monster,D00E00,D051C0,E004B0,Land_Turtle,Land_Turtle_112,25,42,9,0,30,0,15,0,1295,0,787,335,34,19,2A,9,0,1E,0,0F,0,14,5,0,0,16,3,50,1,0,0,0,0,0,0,0,2,0,0,0,0,0,0,70,22,0,E0,0,E7, ,Potion, ,TurtleShell,6b7a877d96738e8bae7e
113,71,Bold Mani,monster,D00E20,D051C4,E004BA,Bold_Mani,Bold_Mani_113,30,43,6,10,0,0,5,0,1295,0,658,338,35,1E,2B,6,0A,0,0,5,0,14,5,0,0,94,2,53,1,0,0,70,0,0,4,0,0,4,0,0,0,0,0,71,23,E1,0,E6,0,HiPotion, ,Revivify, ,6188857d966c7a8782ff
114,72,Shoat,monster,D00E40,D051C8,E004C4,Shoat,Shoat_114,45,55,10,0,20,50,10,0,4981,499,0,0,38,2D,37,0A,0,14,32,0A,0,88,13,F4,1,0,0,0,0,0,0,FB,FF,EF,0,0,0,34,18,0,0,0,0,72,26,E4,0,0,FA,Phoenix Down, , ,Shoat,7281887a8dffffffffff
115,73,MiniMage,monster,D00E60,D051CC,E004CE,MiniMage,MiniMage_115,30,30,8,0,5,1,0,0,1096,10,598,344,11,1E,1E,8,0,5,1,0,0,4C,4,0A,0,58,2,59,1,0,0,10,0,0,0,0,0,80,0,0,0,0,0,73,0B,91,0,91,0,Tricorn Hat, ,Tricorn Hat, ,6c8287826c7a807effff
116,74,GajraGajri,monster,D00E80,D051D0,E004D8,GajraGajri,GajraGajri_116,25,45,7,50,20,0,0,0,75,100,748,347,34,19,2D,7,32,14,0,0,0,4B,0,64,0,EE,2,5C,1,0,0,F4,EC,10,BF,0,0,0,0,88,0,0,0,74,22,0,E9,E2,0, ,Eyedrop,Ether, ,667a838b7a667a838b82
117,75,Mammon,monster,D00EA0,D051D4,E004E2,Mammon,Mammon_117,30,46,9,0,5,0,5,0,1694,100,698,350,35,1E,2E,9,0,5,0,5,0,A4,6,64,0,BC,2,5F,1,0,0,80,0,0,0,0,1,0,0,0,0,0,0,75,23,E1,0,E1,0,HiPotion, ,HiPotion, ,6c7a86868887ffffffff
118,76,Imp,monster,D00EC0,D051D8,E004EC,Imp,Imp_118,30,90,1,30,5,0,5,0,1993,200,837,353,36,1E,5A,1,1E,5,0,5,0,D0,7,C8,0,48,3,62,1,0,10,C4,0,0,0,0,0,4,0,0,0,0,0,76,24,0,E0,B8,0, ,Potion,Diamond Armlet, ,688689ffffffffffffff
119,77,Wyrm,monster,D00EE0,D051DC,E004F6,Wyrm,Wyrm_119,35,55,9,20,20,0,5,0,2690,100,2192,356,36,23,37,9,14,14,0,5,0,8C,0A,64,0,98,8,65,1,0,0,30,60,0,0,40,0,14,0,88,0,0,0,77,24,0,E8,EA,0, ,Antidote,DragonFang, ,76928b86ffffffffffff
120,78,TwinLizard,monster,D00F00,D051E0,E00500,TwinLizard,TwinLizard_120,35,54,7,0,10,0,5,0,1495,0,718,359,33,23,36,7,0,0A,0,5,0,DC,5,0,0,D0,2,68,1,0,0,10,0,0,0,0,2,4,0,0,0,0,0,78,21,E1,0,E0,0,HiPotion, ,Potion, ,739082876b82937a8b7d
121,79,Blind Wolf,monster,D00F20,D051E4,E0050A,Blind_Wolf,Blind_Wolf_121,25,54,8,20,5,0,5,30,897,0,499,362,33,19,36,8,14,5,0,5,1E,84,3,0,0,F4,1,6B,1,0,0,0,0,0,0,0,1,4,0,81,0,0,0,79,21,E9,0,E9,0,Eyedrop, ,Eyedrop, ,6197877d967688857fff
122,7A,Arage,monster,D00F40,D051E8,E00514,Arage,Arage_122,30,49,6,10,5,0,5,0,1046,100,748,365,34,1E,31,6,0A,5,0,5,0,1A,4,64,0,EE,2,6E,1,0,0,0,0,0,0,0,0,4,0,0,0,0,0,7A,22,E1,E0,E4,0,HiPotion,Potion,Phoenix Down, ,608b7a807effffffffff
123,7B,Wall Mage,monster,D00F60,D051EC,E0051E,Wall_Mage,Wall_Mage_123,28,52,4,0,5,0,0,0,1295,100,897,368,36,1C,34,4,0,5,0,0,0,14,5,64,0,84,3,71,1,0,0,0,0,0,0,0,0,80,0,80,0,80,0,7B,24,CA,0,E2,0,Wall Ring, ,Ether, ,767a8585966c7a807eff
124,7C,Magic Drgn,monster,D00F80,D051F0,E00528,Magic_Drgn,Magic_Drgn_124,27,58,8,0,10,0,5,0,2889,299,1196,371,36,1B,3A,8,0,0A,0,5,0,54,0B,2C,1,B0,4,74,1,0,0,30,0,0,0,40,48,14,0,88,0,0,0,7C,24,E1,E0,E3,0,HiPotion,Potion,Elixir, ,6c7a80827c96638b8087
125,7D,DarkWizard,monster,D00FA0,D051F4,E00532,DarkWizard,DarkWizard_125,30,50,1,0,10,30,5,0,1992,499,947,374,36,1E,32,1,0,0A,1E,5,0,CF,7,F4,1,B6,3,77,1,0,0,24,20,0,0,0,10,A0,0,0,0,0,0,7D,24,3E,35,3A,0,Judgement Staff,Venom Rod,Power Staff, ,637a8b847682937a8b7d
126,7E,AdamaGolem,monster,D00FC0,D051F8,E0053C,AdamaGolem,AdamaGolem_126,35,62,9,0,10,0,5,0,3636,0,1096,377,37,23,3E,9,0,0A,0,5,0,42,0E,0,0,4C,4,7A,1,0,0,74,60,10,0,0,4,0,0,0,0,0,0,7E,25,E1,E0,E1,0,HiPotion,Potion,HiPotion, ,607d7a867a6688857e86
127,7F,BandelKuar,monster,D00FE0,D051FC,E00546,BandelKuar,BandelKuar_127,35,59,8,0,5,0,5,0,2590,100,1146,380,37,23,3B,8,0,5,0,5,0,28,0A,64,0,7E,4,7D,1,0,0,10,0,0,0,0,1,4,0,0,0,0,0,7F,25,E4,0,E4,0,Phoenix Down, ,Phoenix Down, ,617a877d7e856a8e7a8b
128,80,Motordrive,monster,D01000,D05200,E00550,Motordrive,Motordrive_128,32,63,9,20,15,0,15,50,3288,0,1295,383,38,20,3F,9,14,0F,0,0F,32,E4,0C,0,0,14,5,80,1,0,0,4,0,0,0,40,7,80,0,0,0,0,0,80,26,5D,E0,F6,0,BeastKiller,Potion,Hero Drink, ,6c888d888b7d8b828f7e
129,81,BlueDragon,monster,D01020,D05204,E0055A,BlueDragon,BlueDragon_129,35,64,9,20,10,0,5,30,6874,997,2491,499,38,23,40,9,14,0A,0,5,1E,F4,1A,E8,3,C4,9,F4,1,0,20,30,70,0,2,0,0,10,10,88,0,0,0,81,26,F1,EA,EA,0,Cabin,DragonFang,DragonFang, ,61858e7e638b7a808887
130,82,Red Dragon,monster,D01040,D05208,E00564,Red_Dragon,Red_Dragon_130,34,65,9,0,12,50,8,5,7471,997,2989,499,30,22,41,9,0,0C,32,8,5,4C,1D,E8,3,B8,0B,F4,1,0,0,70,70,0,1,0,A2,31,0,0,0,0,0,82,1E,BD,E1,E3,0,Flame Ring,HiPotion,Elixir, ,717e7d96638b7a808887
131,83,Yellow Drgn,monster,D01060,D0520C,E0056E,Yellow_Drgn,Yellow_Drgn_131,35,65,9,0,10,0,5,10,8467,997,2590,499,38,23,41,9,0,0A,0,5,0A,34,21,E8,3,28,0A,F4,1,0,0,74,70,0,4,0,0,10,0,0,0,0,0,83,26,E2,34,BE,0,Ether,Thunder Rod,Coral Ring, ,787e98889096638b8087
132,84,Sleepy,monster,D01080,D05210,E00578,Sleepy,Sleepy_132,30,50,4,10,5,0,5,0,1594,100,698,395,36,1E,32,4,0A,5,0,5,0,40,6,64,0,BC,2,8C,1,0,0,0,0,0,0,0,0,0,0,0,0,0,0,84,24,E1,3B,89,0,HiPotion,Healing Staff,Leather Cap, ,72857e7e8992ffffffff
133,85,Treeman,monster,D010A0,D05214,E00582,Treeman,Treeman_133,35,52,7,0,5,0,5,10,2192,100,822,398,37,23,34,7,0,5,0,5,0A,98,8,64,0,39,3,8F,1,0,0,0,0,0,0,0,1,80,0,0,0,0,0,85,25,F5,F3,F4,0,Protect Drink,Power Drink,Speed Drink, ,738b7e7e867a87ffffff
134,86,Hedgehog,monster,D010C0,D05218,E0058C,Hedgehog,Hedgehog_134,28,54,6,0,25,0,5,0,997,0,847,401,37,1C,36,6,0,19,0,5,0,E8,3,0,0,52,3,92,1,0,0,10,0,0,0,0,0,4,0,0,0,0,0,86,25,0,EC,EC,0, ,Soft,Soft, ,677e7d807e818880ffff
135,87,Python,monster,D010E0,D0521C,E00596,Python,Python_135,24,49,6,0,5,0,5,0,1793,0,678,404,39,18,31,6,0,5,0,5,0,8,7,0,0,A8,2,95,1,0,0,10,0,0,0,0,2,0,0,0,0,0,0,87,27,0,E8,E9,0, ,Antidote,Eyedrop, ,6f928d818887ffffffff
136,88,Shadow,monster,D01100,D05220,E005A0,Shadow,Shadow_136,26,57,7,30,25,0,5,0,997,0,877,407,40,1A,39,7,1E,19,0,5,0,E8,3,0,0,70,3,98,1,0,0,30,0,0,0,0,0,0,0,88,0,0,0,88,28,E1,0,E6,0,HiPotion, ,Revivify, ,72817a7d8890ffffffff
137,89,Elm Gigas,monster,D01120,D05224,E005AA,Elm_Gigas,Elm_Gigas_137,37,62,10,20,5,30,30,20,4154,4981,807,410,39,25,3E,0A,14,5,1E,1E,14,4A,10,88,13,2A,3,9B,1,0,20,36,0,0,40,40,0,80,0,8,40,0,0,89,27,F6,0,F2,0,Hero Drink, ,Giant Drink, ,648586966682807a8cff
138,8A,Pao,monster,D01140,D05228,E005B4,Pao,Pao_138,20,40,9,0,0,0,0,0,499,0,0,0,27,14,28,9,0,0,0,0,0,F4,1,0,0,0,0,0,0,0,0,0,0,0,0,0,0,0,0,0,0,0,0,8A,1B,E1,E0,0,F0,HiPotion,Potion, ,Tent,6f7a88ffffffffffffff
139,8B,Radiator,monster,D01160,D0522C,E005BE,Radiator,Radiator_139,5,47,8,0,30,0,20,0,897,997,797,416,40,5,2F,8,0,1E,0,14,0,84,3,E8,3,20,3,A1,1,0,0,30,0,0,0,0,1,0,0,0,0,0,0,8B,28,E0,0,E0,0,Potion, ,Potion, ,717a7d827a8d888bffff
140,8C,Metamorpha,monster,D01180,D05230,E005C8,Metamorpha,Metamorpha_140,33,40,10,0,10,10,5,0,6973,9961,20,774,43,21,28,0A,0,0A,0A,5,0,58,1B,10,27,14,0,9,3,0,0,E4,84,0,0,0,C0,A0,0,0,0,0,0,8C,2B,E1,38,3C,0,HiPotion,Staff,Staff of Light, ,6c7e8d7a86888b89817a
141,8D,Unknown,monster,D011A0,D05234,E005D2,Unknown,Unknown_141,22,60,6,0,25,0,0,0,2491,0,1196,523,41,16,3C,6,0,19,0,0,0,C4,9,0,0,B0,4,0D,2,0,0,34,F0,10,8,20,10,1,0,0,0,40,0,8D,29,5D,0,0,0,BeastKiller, , , ,74878487889087ffffff
142,8E,Desertpede,monster,D011C0,D05238,E005DC,Desertpede,Desertpede_142,22,59,6,0,10,250,5,10,2142,0,897,425,40,16,3B,6,0,0A,FA,5,0A,66,8,0,0,84,3,AA,1,0,0,10,0,0,0,0,2,40,0,0,0,0,0,8E,28,E8,E0,EB,0,Antidote,Potion,DarkMatter, ,637e8c7e8b8d897e7d7e
143,8F,Barette,monster,D011E0,D0523C,E005E6,Barette,Barette_143,21,61,10,0,55,0,20,10,997,0,1046,428,41,15,3D,0A,0,37,0,14,0A,E8,3,0,0,1A,4,AD,1,0,0,10,0,0,0,0,2,40,0,0,0,0,0,8F,29,0,E0,E1,0, ,Potion,HiPotion, ,617a8b7e8d8d7effffff
144,90,Sekmet,monster,D01200,D05240,E005F0,Sekmet,Sekmet_144,43,70,11,0,10,0,5,20,5977,0,3,10,41,2B,46,0B,0,0A,0,5,14,70,17,0,0,3,0,0A,0,0,0,F4,40,0,0,0,0,A4,0,0,0,0,0,90,29,B0,E1,A0,0,Thief's Glove,HiPotion,Crystal Armor, ,727e84867e8dffffffff
145,91,BlandLamia,monster,D01220,D05244,E005FA,BlandLamia,BlandLamia_145,27,54,6,0,10,0,5,10,2092,598,698,434,40,1B,36,6,0,0A,0,5,0A,34,8,58,2,BC,2,B3,1,0,0,0,0,0,0,0,2,85,0,0,0,0,0,91,28,CC,E5,99,0,Thornlet,Maiden's Kiss,Lamia's Tiara, ,61857a877d6b7a86827a
146,92,Pyra Layer,monster,D01240,D05248,E00604,Pyra_Layer,Pyra_Layer_146,26,61,8,0,10,0,5,5,2192,997,797,437,41,1A,3D,8,0,0A,0,5,5,98,8,E8,3,20,3,B6,1,0,20,30,60,10,0,40,4,5,0,88,0,0,0,92,29,0,F3,E0,0, ,Power Drink,Potion, ,6f928b7a966b7a927e8b
147,93,Nile,monster,D01260,D0524C,E0060E,Nile,Nile_147,21,51,8,0,35,0,6,0,1196,10,479,440,38,15,33,8,0,23,0,6,0,B0,4,0A,0,E0,1,B9,1,0,0,F4,80,0,0,0,4,0,0,0,0,0,0,93,26,0,0,F5,0, , ,Protect Drink, ,6d82857effffffffffff
148,94,Archaesaur,monster,D01280,D05250,E00618,Archaesaur,Archaesaur_148,33,67,11,0,20,0,5,0,9922,997,1793,443,35,21,43,0B,0,14,0,5,0,E8,26,E8,3,8,7,BC,1,0,8,74,7F,10,8,0,21,31,0,0,0,0,0,94,23,E4,0,0,EA,Phoenix Down, , ,DragonFang,608b7c817a7e8c7a8e8b
149,95,ZephyrZone,monster,D012A0,D05254,E00622,ZephyrZone,ZephyrZone_149,30,55,10,30,25,60,30,30,3766,4981,1993,499,53,1E,37,0A,1E,19,3C,1E,1E,C4,0E,88,13,D0,7,F4,1,0,0,D0,0,0,0,0,0,A4,0,0,0,0,0,95,35,E3,E0,E3,0,Elixir,Potion,Elixir, ,797e8981928b7988877e
150,96,ExdethSoul,monster,D012C0,D05258,E0062C,ExdethSoul,ExdethSoul_150,40,77,13,50,40,0,45,0,19922,19922,0,0,1,28,4D,0D,32,28,0,2D,0,20,4E,20,4E,0,0,0,0,0,20,7F,FF,10,0,0,10,A1,98,0,0,0,0,96,1,0,0,0,EB, , , ,DarkMatter,64917d7e8d8172888e85
151,97,Slug,monster,D012E0,D0525C,E00636,Slug,Slug_151,20,62,7,10,10,0,5,0,1813,100,1096,452,42,14,3E,7,0A,0A,0,5,0,1C,7,64,0,4C,4,C5,1,0,0,30,0,0,0,0,1,0,0,0,0,0,0,97,2A,E1,E0,0,0,HiPotion,Potion, , ,72858e80ffffffffffff
152,98,GloomWidow,monster,D01300,D05260,E00640,GloomWidow,GloomWidow_152,20,60,8,0,10,0,5,0,1813,0,1096,455,42,14,3C,8,0,0A,0,5,0,1C,7,0,0,4C,4,C8,1,0,0,0,0,0,0,0,80,0,0,0,0,0,0,98,2A,E1,E0,0,0,HiPotion,Potion, , ,668588888676827d8890
153,99,Mukare,monster,D01320,D05264,E0064A,Mukare,Mukare_153,25,65,8,0,10,0,5,10,1993,200,1196,458,42,19,41,8,0,0A,0,5,0A,D0,7,C8,0,B0,4,CB,1,0,20,30,0,0,0,40,0,A0,0,88,0,0,0,99,2A,69,A8,AB,0,DoomCut,Silk robe,Lumina Robe, ,6c8e847a8b7effffffff
154,9A,Ixecrator,monster,D01340,D05268,E00654,Ixecrator,Ixecrator_154,35,52,7,0,10,0,5,50,1993,9961,1295,461,42,23,34,7,0,0A,0,5,32,D0,7,10,27,14,5,CE,1,0,0,0,0,0,0,0,0,80,0,0,0,0,0,9A,2A,E2,0,B8,0,Ether, ,Diamond Armlet, ,68917e7c8b7a8d888bff
155,9B,Owazoral,monster,D01360,D0526C,E0065E,Owazoral,Owazoral_155,24,60,10,0,10,0,5,20,1893,100,1246,464,43,18,3C,0A,0,0A,0,5,14,6C,7,64,0,E2,4,D1,1,0,0,0,0,0,0,0,0,4,0,0,0,0,0,9B,2B,AE,E1,E6,0,Mirage Vest,HiPotion,Revivify, ,6e907a93888b7a85ffff
156,9C,ShdwDancer,monster,D01380,D05270,E00668,ShdwDancer,ShdwDancer_156,30,75,9,20,10,0,5,30,4463,100,1544,467,43,1E,4B,9,14,0A,0,5,1E,80,11,64,0,0E,6,D4,1,0,0,31,0,0,0,40,0,80,0,88,0,0,0,9C,2B,6D,BA,ED,0,Dancing Dagger,Power Wrist,LuckMallet, ,72817d90637a877c7e8b
157,9D,Cursed One,monster,D013A0,D05274,E00672,Cursed_One,Cursed_One_157,20,65,9,0,10,0,5,5,1973,0,1196,470,44,14,41,9,0,0A,0,5,5,BC,7,0,0,B0,4,D7,1,0,0,44,80,0,8,0,0,5,0,0,0,0,0,9D,2C,E6,0,E6,0,Revivify, ,Revivify, ,628e8b8c7e7d966e877e
158,9E,Slownin,monster,D013C0,D05278,E0067C,Slownin,Slownin_158,35,81,11,30,10,0,5,40,2391,0,1395,473,43,23,51,0B,1E,0A,0,5,28,60,9,0,0,78,5,DA,1,2F,0,11,50,10,0,0,0,80,0,0,0,0,0,9E,2B,CD,29,2B,0,Ice Shield,Katana,Kotetsu, ,72858890878287ffffff
159,9F,TinyMage,monster,D013E0,D0527C,E00686,TinyMage,TinyMage_159,20,80,16,15,40,0,0,0,1534,499,777,476,43,14,50,10,0F,28,0,0,0,4,6,F4,1,0C,3,DD,1,0,0,B0,0,0,0,0,0,0,0,0,0,0,0,9F,2B,E2,0,E0,0,Ether, ,Potion, ,738287926c7a807effff
160,A0,Dim Master,monster,D01400,D05280,E00690,Dim_Master,Dim_Master_160,20,82,16,20,45,20,0,30,2590,997,897,479,43,14,52,10,14,2D,14,0,1E,28,0A,E8,3,84,3,E0,1,0,0,D0,28,0,0,0,0,20,0,0,0,0,0,A0,2B,3B,E0,E1,0,Healing Staff,Potion,HiPotion, ,638286966c7a8c8d7e8b
161,A1,BoneDragon,monster,D01420,D05284,E0069A,BoneDragon,BoneDragon_161,30,45,10,10,40,0,20,10,2989,499,0,0,37,1E,2D,0A,0A,28,0,14,0A,B8,0B,F4,1,0,0,0,0,0,8,34,E0,0,8,0,1,31,0,0,0,0,0,A1,25,0,0,0,0, , , , ,6188877e638b7a808887
162,A2,Flare,monster,D01440,D05288,E006A4,Flare,Flare_162,21,89,15,0,35,10,0,10,2989,997,1096,485,44,15,59,0F,0,23,0A,0,0A,B8,0B,E8,3,4C,4,E6,1,0,0,A0,60,10,0,0,0,80,0,0,0,0,0,A2,2C,4D,E3,92,0,Thunder Whip,Elixir,Magus, ,65857a8b7effffffffff
163,A3,DuelKnight,monster,D01460,D0528C,E006AE,DuelKnight,DuelKnight_163,1,78,11,0,5,0,0,0,2132,0,1096,488,44,1,4E,0B,0,5,0,0,0,5C,8,0,0,4C,4,E9,1,0,0,C0,0,0,0,0,0,80,0,0,0,0,0,A3,2C,C4,F3,F3,0,Flame Shield,Power Drink,Power Drink, ,638e7e856a878280818d
164,A4,Ion,monster,D01480,D05290,E006B8,Ion,Ion_164,20,80,11,0,25,0,0,0,2132,0,1196,491,44,14,50,0B,0,19,0,0,0,5C,8,0,0,B0,4,EC,1,0,0,C0,0,0,0,0,0,80,0,0,0,0,0,A4,2C,0,F2,F2,0, ,Giant Drink,Giant Drink, ,688887ffffffffffffff
165,A5,Berserker,monster,D014A0,D05294,E006C2,Berserker,Berserker_165,20,77,11,0,5,0,0,0,2132,0,997,494,44,14,4D,0B,0,5,0,0,0,5C,8,0,0,E8,3,EF,1,0,0,C0,0,0,0,0,0,80,0,0,0,0,0,A5,2C,44,F4,69,0,Elven Bow,Speed Drink,DoomCut, ,617e8b8c7e8b847e8bff
166,A6,ZombieDrgn,monster,D014C0,D05298,E006CC,ZombieDrgn,ZombieDrgn_166,35,47,10,10,20,0,20,10,3985,997,0,0,37,23,2F,0A,0A,14,0,14,0A,A0,0F,E8,3,0,0,0,0,0,8,74,60,0,8,0,1,31,0,0,0,0,0,A6,25,0,0,0,0, , , , ,7988867b827e638b8087
167,A7,Druid,monster,D014E0,D0529C,E006D6,Druid,Druid_167,30,60,11,0,10,30,5,50,2192,897,1495,500,44,1E,3C,0B,0,0A,1E,5,32,98,8,84,3,DC,5,F5,1,0,0,0,0,0,0,0,0,80,0,0,0,0,0,A7,2C,BC,E0,E4,0,Angel Ring,Potion,Phoenix Down, ,638b8e827dffffffffff
168,A8,Iron Dress,monster,D01500,D052A0,E006E0,Iron_Dress,Iron_Dress_168,30,70,11,10,50,0,15,10,2192,0,1295,503,44,1E,46,0B,0A,32,0,0F,0A,98,8,0,0,14,5,F8,1,0,0,0,0,0,0,0,2,4,0,0,0,0,0,A8,2C,0,E0,F0,0, ,Potion,Tent, ,688b888796638b7e8c8c
169,A9,Statue,monster,D01520,D052A4,E006EA,Statue,Statue_169,26,76,10,0,20,0,5,20,3288,20,100,506,45,1A,4C,0A,0,14,0,5,14,E4,0C,14,0,64,0,FB,1,56,0,F4,F0,10,0,0,4,0,0,0,0,0,0,A9,2D,1E,E1,EC,0,DblLance,HiPotion,Soft, ,728d7a8d8e7effffffff
170,AA,Blizzard,monster,D01540,D052A8,E006F4,Blizzard,Blizzard_170,20,77,11,0,10,0,5,50,2292,0,1196,509,45,14,4D,0B,0,0A,0,5,32,FC,8,0,0,B0,4,FE,1,0,0,10,0,0,2,0,1,4,0,0,0,0,0,AA,2D,E1,0,E1,0,HiPotion, ,HiPotion, ,619793937a8b7dffffff
171,AB,Isteritos,monster,D01560,D052AC,E006FE,Isteritos,Isteritos_171,25,85,10,20,30,0,30,90,2292,0,1993,511,45,19,55,0A,14,1E,0,1E,5A,FC,8,0,0,D0,7,1,2,0,0,30,60,0,0,0,0,14,0,0,0,0,0,AB,2D,3E,E8,EA,0,Judgement Staff,Antidote,DragonFang, ,688c8d7e8b828d888cff
172,AC,Spizner,monster,D01580,D052B0,E00708,Spizner,Spizner_172,20,71,11,0,10,0,0,0,2292,0,1246,514,39,14,47,0B,0,0A,0,0,0,FC,8,0,0,E2,4,4,2,0,0,0,0,0,0,0,0,4,0,0,0,0,0,AC,27,0,E0,E0,0, ,Potion,Potion, ,72898293877e8bffffff
173,AD,Unknown,monster,D015A0,D052B4,E00712,Unknown,Unknown_173,20,61,9,0,40,0,0,0,3487,499,1076,517,47,14,3D,9,0,28,0,0,0,AC,0D,F4,1,38,4,7,2,0,0,84,F4,10,8,20,90,1,0,0,0,40,0,AD,2F,E1,E0,F2,0,HiPotion,Potion,Giant Drink, ,74878487889087ffffff
174,AE,Unknown,monster,D015C0,D052B8,E0071C,Unknown,Unknown_174,20,62,8,0,30,0,0,0,2491,499,1345,520,46,14,3E,8,0,1E,0,0,0,C4,9,F4,1,46,5,0A,2,0,0,44,20,0,8,20,10,1,0,0,0,40,0,AE,2E,E1,E0,F3,0,HiPotion,Potion,Power Drink, ,74878487889087ffffff
175,AF,Unknown,monster,D015E0,D052BC,E00726,Unknown,Unknown_175,20,60,6,0,25,0,0,0,2491,499,1196,523,41,14,3C,6,0,19,0,0,0,C4,9,F4,1,B0,4,0D,2,0,0,34,F0,10,8,20,10,1,0,0,0,40,0,AF,29,E1,E0,F4,0,HiPotion,Potion,Speed Drink, ,74878487889087ffffff
176,B0,Unknown,monster,D01600,D052C0,E00730,Unknown,Unknown_176,20,67,10,0,35,0,0,0,6475,499,1993,526,47,14,43,0A,0,23,0,0,0,64,19,F4,1,D0,7,10,2,0,20,F4,0,0,8,20,10,1,0,0,0,40,0,B0,2F,E1,E0,F5,0,HiPotion,Potion,Protect Drink, ,74878487889087ffffff
177,B1,MercuryBat,monster,D01620,D052C4,E0073A,MercuryBat,MercuryBat_177,20,65,10,50,10,0,0,0,499,499,1017,529,46,14,41,0A,32,0A,0,0,0,F4,1,F4,1,FC,3,13,2,0,20,0,0,0,0,40,0,0,0,88,0,0,0,B1,2E,0,E0,E1,0, ,Potion,HiPotion, ,6c7e8b7c8e8b92617a8d
178,B2,Coral,monster,D01640,D052C8,E00744,Coral,Coral_178,25,66,11,0,20,0,0,0,2142,100,1264,532,46,19,42,0B,0,14,0,0,0,66,8,64,0,F4,4,16,2,0,0,31,60,0,88,0,4,0,0,0,0,0,0,B2,2E,F5,E0,0,0,Protect Drink,Potion, , ,62888b7a85ffffffffff
179,B3,Tonberi,monster,D01660,D052CC,E0074E,Tonberi,Tonberi_179,49,119,14,30,10,0,0,90,39240,100,1264,535,46,31,77,0E,1E,0A,0,0,5A,E1,99,64,0,F4,4,19,2,0,0,F0,0,0,0,0,0,80,0,0,0,0,0,B3,2E,E3,90,AE,0,Elixir,Plumed Hat,Mirage Vest, ,7388877b7e8b82ffffff
180,B4,Gel Water,monster,D01680,D052D0,E00758,Gel_Water,Gel_Water_180,22,67,10,0,20,0,0,0,3288,100,1264,538,46,16,43,0A,0,14,0,0,0,E4,0C,64,0,F4,4,1C,2,0,0,FF,0,0,80,0,4,0,0,0,0,0,0,B4,2E,E1,E0,F4,0,HiPotion,Potion,Speed Drink, ,667e8596767a8d7e8bff
181,B5,Fall Guard,monster,D016A0,D052D4,E00762,Fall_Guard,Fall_Guard_181,20,60,11,0,30,0,0,50,3985,100,1330,541,47,14,3C,0B,0,1E,0,0,32,A0,0F,64,0,37,5,1F,2,0,0,0,0,0,0,0,0,80,0,0,0,0,0,B5,2F,F6,96,C1,0,Hero Drink,Bandana,Kaiser Knuckles, ,657a858596668e7a8b7d
182,B6,Alcumia,monster,D016C0,D052D8,E0076C,Alcumia,Alcumia_182,35,70,11,50,10,90,10,0,4483,3885,997,544,47,23,46,0B,32,0A,5A,0A,0,94,11,3C,0F,E8,3,22,2,0,0,F4,74,0,0,0,0,A0,0,0,0,0,0,B6,2F,6B,E5,E3,0,ManEater,Maiden's Kiss,Elixir, ,60857c8e86827affffff
183,B7,Red Dragon,monster,D016E0,D052DC,E00776,Red_Dragon,Red_Dragon_183,35,83,11,0,20,0,0,0,7471,0,1993,547,44,23,53,0B,0,14,0,0,0,4C,1D,0,0,D0,7,25,2,0,0,10,0,0,0,0,0,11,0,20,0,0,0,B7,2C,EA,FC,EB,0,DragonFang,Flame Scroll,DarkMatter, ,717e7d96638b7a808887
184,B8,Hydra,monster,D01700,D052E0,E00780,Hydra,Hydra_184,35,85,11,0,10,0,0,0,5977,0,1993,550,46,23,55,0B,0,0A,0,0,0,70,17,0,0,D0,7,28,2,0,20,10,0,0,0,0,0,11,0,20,0,0,0,B8,2E,EA,FE,EB,0,DragonFang,Thunder Scroll,DarkMatter, ,67927d8b7affffffffff
185,B9,BoneDragon,monster,D01720,D052E4,E0078A,BoneDragon,BoneDragon_185,35,85,11,0,30,0,0,0,5778,0,1993,553,44,23,55,0B,0,1E,0,0,0,A8,16,0,0,D0,7,2B,2,0,0,10,0,0,0,0,0,11,0,20,0,0,0,B9,2C,EA,FD,EB,0,DragonFang,Water Scroll,DarkMatter, ,6188877e638b7a808887
186,BA,Grenade,monster,D01740,D052E8,E00794,Grenade,Grenade_186,25,75,12,0,10,0,0,0,2989,499,1096,556,47,19,4B,0C,0,0A,0,0,0,B8,0B,F4,1,4C,4,2E,2,0,0,30,0,0,0,0,0,0,0,0,0,0,0,BA,2F,C4,E1,E1,0,Flame Shield,HiPotion,HiPotion, ,668b7e877a7d7effffff
187,BB,SwrdDancer,monster,D01760,D052EC,E0079E,SwrdDancer,SwrdDancer_187,25,75,12,0,15,0,0,0,2989,0,2391,559,48,19,4B,0C,0,0F,0,0,0,B8,0B,0,0,60,9,31,2,58,0,0,0,0,0,0,0,80,0,0,0,0,0,BB,30,6E,8C,58,0,Enhancer,Mythril Helm,IceBrand, ,72908b7d637a877c7e8b
188,BC,Bardandels,monster,D01780,D052F0,E007A8,Bardandels,Bardandels_188,25,75,12,0,10,0,0,10,2989,100,1375,562,48,19,4B,0C,0,0A,0,0,0A,B8,0B,64,0,64,5,34,2,0,0,0,0,0,0,0,0,0,0,0,0,0,0,BC,30,BC,E7,52,0,Angel Ring,TurtleShell,Rune Chime, ,617a8b7d7a877d7e858c
189,BD,DoomDealer,monster,D017A0,D052F4,E007B2,DoomDealer,DoomDealer_189,25,75,12,0,10,90,0,30,2989,100,1395,565,63,19,4B,0C,0,0A,5A,0,1E,B8,0B,64,0,78,5,37,2,0,0,0,0,0,0,0,0,A0,0,0,0,0,0,BD,3F,92,E6,E4,0,Magus,Revivify,Phoenix Down, ,63888886637e7a857e8b
190,BE,Anku Heggu,monster,D017C0,D052F8,E007BC,Anku_Heggu,Anku_Heggu_190,25,75,12,0,10,0,0,25,2770,100,1246,568,48,19,4B,0C,0,0A,0,0,19,DC,0A,64,0,E2,4,3A,2,0,0,10,0,0,0,0,2,0,0,0,0,0,0,BE,30,E1,E0,E1,0,HiPotion,Potion,HiPotion, ,6087848e96677e80808e
191,BF,Ammona,monster,D017E0,D052FC,E007C6,Ammona,Ammona_191,25,71,12,0,10,0,0,0,2770,0,1166,571,48,19,47,0C,0,0A,0,0,0,DC,0A,0,0,92,4,3D,2,0,0,10,0,0,0,0,0,0,0,0,0,0,0,BF,30,E0,E1,E6,0,Potion,HiPotion,Revivify, ,60868688877affffffff
192,C0,Land Crawl,monster,D01800,D05300,E007D0,Land_Crawl,Land_Crawl_192,25,100,16,0,20,0,5,33,21915,499,3258,574,48,19,64,10,0,14,0,5,21,F0,55,F4,1,C6,0C,40,2,0,0,74,60,0,20,0,0,44,0,0,0,0,0,C0,30,14,11,E3,0,Defender Sword,Ancient Sword,Elixir, ,6b7a877d96628b7a9085
193,C1,Chamcubia,monster,D01820,D05304,E007DA,Chamcubia,Chamcubia_193,20,77,12,10,30,0,10,0,3786,299,1495,577,49,14,4D,0C,0A,1E,0,0A,0,D8,0E,2C,1,DC,5,43,2,4C,20,0,0,0,0,0,0,80,0,0,0,0,0,C1,31,95,CA,49,0,Ribbon,Wall Ring,Lamia's Harp, ,62817a867c8e7b827aff
194,C2,Bella Donna,monster,D01840,D05308,E007E4,Bella_Donna,Bella_Donna_194,20,76,12,10,30,0,5,0,3885,299,1495,580,49,14,4C,0C,0A,1E,0,5,0,3C,0F,2C,1,DC,5,46,2,39,0,0,0,0,0,0,0,80,0,0,0,0,0,C2,31,BE,CF,CA,0,Coral Ring,Rainbow Dress,Wall Ring, ,617e987a96638887877a
195,C3,Cherie,monster,D01860,D0530C,E007EE,Cherie,Cherie_195,20,78,12,10,30,0,0,0,3985,299,1495,583,49,14,4E,0C,0A,1E,0,0,0,A0,0F,2C,1,DC,5,49,2,36,0,0,0,0,0,0,0,80,0,0,0,0,0,C3,31,B2,D0,B5,0,Elf Cape,Red Shoes,Running Shoes, ,62817e8b827effffffff
196,C4,White Flame,monster,D01880,D05310,E007F8,White_Flame,White_Flame_196,25,65,12,33,50,0,35,10,1594,100,1425,586,49,19,41,0C,21,32,0,23,0A,40,6,64,0,96,5,4C,2,0,20,34,60,0,10,0,0,0,0,88,0,0,0,C4,31,E3,E9,E2,0,Elixir,Eyedrop,Ether, ,7681957e9665857a867e
197,C5,MossFungus,monster,D018A0,D05314,E00802,MossFungus,MossFungus_197,25,75,12,0,15,0,0,66,4981,200,1515,589,48,19,4B,0C,0,0F,0,0,42,88,13,C8,0,F0,5,4F,2,0,0,4,0,0,8,0,81,4,0,0,0,0,0,C5,30,0A,E1,E8,0,Air Lance,HiPotion,Antidote, ,6c888c8c658e87808e8c
198,C6,Orcat,monster,D018C0,D05318,E0080C,Orcat,Orcat_198,22,75,12,0,33,0,16,10,2092,0,1345,592,49,16,4B,0C,0,21,0,10,0A,34,8,0,0,46,5,52,2,0,0,30,0,0,10,0,A0,0,0,0,0,0,0,C6,31,EC,EB,E4,0,Soft,DarkMatter,Phoenix Down, ,6e8b7c7a8dffffffffff
199,C7,Iron Giant,monster,D018E0,D0531C,E00816,Iron_Giant,Iron_Giant_199,55,100,13,0,50,50,0,90,17930,9961,9961,595,61,37,64,0D,0,32,32,0,5A,50,46,10,27,10,27,55,2,27,0,3F,FF,10,0,0,80,0,18,0,0,0,0,C7,3D,9C,8B,0,F2,Iron Armor,Iron Helm, ,Giant Drink,688b88879666827a878d
200,C8,Death Claw,monster,D01900,D05320,E00820,Death_Claw,Death_Claw_200,25,70,9,0,29,50,0,0,3985,200,1694,598,51,19,46,9,0,1D,32,0,0,A0,0F,C8,0,A4,6,58,2,8,0,FF,0,0,0,0,80,0,18,0,0,0,0,C8,33,28,F6,EC,0,Thor Hammer,Hero Drink,Soft, ,637e7a8d819662857a90
201,C9,K.Behemoth,monster,D01920,D05324,E0082A,KBehemoth,KBehemoth_201,25,95,13,0,15,0,0,75,17930,299,0,997,82,19,5F,0D,0,0F,0,0,4B,50,46,2C,1,0,0,E8,3,0,0,10,0,0,0,0,80,0,0,0,0,0,0,C9,52,55,E4,1E,0,Drain Sword,Phoenix Down,DblLance, ,6aa3617e817e86888d81
202,CA,Farfarerro,monster,D01940,D05328,E00834,Farfarerro,Farfarerro_202,25,90,2,20,15,70,0,20,2570,484,1385,604,48,19,5A,2,14,0F,46,0,14,14,0A,E5,1,6E,5,5E,2,36,0,0,0,0,0,0,8,80,0,0,0,40,0,CA,30,36,F4,E9,0,Lillith Rod,Speed Drink,Eyedrop, ,657a8b7f7a8b7e8b8b88
203,CB,Necromancr,monster,D01960,D0532C,E0083E,Necromancr,Necromancr_203,27,79,13,0,15,0,30,50,6874,299,0,997,54,1B,4F,0D,0,0F,0,1E,32,F4,1A,2C,1,0,0,E8,3,0,20,0,0,0,0,0,80,1,0,0,0,0,0,CB,36,BF,E6,E6,0,Bone Mail,Revivify,Revivify, ,6d7e7c8b88867a877c8b
204,CC,Ninja,monster,D01980,D05330,E00848,Ninja,Ninja_204,26,90,12,70,15,0,0,90,4981,200,1793,610,52,1A,5A,0C,46,0F,0,0,5A,88,13,C8,0,8,7,64,2,0,0,30,0,0,0,0,0,0,0,88,0,0,0,CC,34,2D,5A,5B,0,Forged,Shuriken,Pinwheel, ,6d8287837affffffffff
205,CD,Great Drgn,monster,D019A0,D05334,E00852,Great_Drgn,Great_Drgn_205,20,100,13,0,20,0,20,33,9961,997,1893,613,51,14,64,0D,0,14,0,14,21,10,27,E8,3,6C,7,67,2,0,0,0,0,0,0,0,80,0,0,0,0,0,0,CD,33,F3,EA,EA,0,Power Drink,DragonFang,DragonFang, ,668b7e7a8d96638b8087
206,CE,AvisDragon,monster,D019C0,D05338,E0085C,AvisDragon,AvisDragon_206,22,100,11,0,15,0,15,33,6973,997,2013,616,49,16,64,0B,0,0F,0,0F,21,58,1B,E8,3,E4,7,6A,2,0,0,B0,70,10,0,0,80,28,0,0,0,0,0,CE,31,46,1A,0,EA,Artemis Bow,Trident, ,DragonFang,608f828c638b7a808887
207,CF,Gorchimera,monster,D019E0,D0533C,E00866,Gorchimera,Gorchimera_207,20,100,13,0,15,0,0,40,9961,997,0,897,51,14,64,0D,0,0F,0,0,28,10,27,E8,3,0,0,84,3,0,0,30,0,0,0,0,80,0,0,0,0,0,0,CF,33,86,E1,93,0,Aegis Shield,HiPotion,Circlet, ,66888b7c8182867e8b7a
208,D0,LevelCheck,monster,D01A00,D05340,E00870,LevelCheck,LevelCheck_208,20,90,10,0,20,0,0,0,4981,499,1515,622,54,14,5A,0A,0,14,0,0,0,88,13,F4,1,F0,5,70,2,0,0,30,0,0,0,0,0,0,0,0,0,0,0,D0,36,E2,E0,E3,0,Ether,Potion,Elixir, ,6b7e8f7e8562817e7c84
209,D1,Mind Mage,monster,D01A20,D05344,E0087A,Mind_Mage,Mind_Mage_209,20,90,4,0,20,0,0,66,4682,499,0,797,53,14,5A,4,0,14,0,0,42,5C,12,F4,1,0,0,20,3,0,0,0,0,0,0,0,0,20,0,0,0,0,0,D1,35,7,97,AD,0,Guardian,GrnBeret,White Robe, ,6c82877d966c7a807eff
210,D2,Fury,monster,D01A40,D05348,E00884,Fury,Fury_210,20,80,10,0,20,0,0,20,4981,997,2242,628,50,14,50,0A,0,14,0,0,14,88,13,E8,3,CA,8,76,2,0,0,0,0,0,0,0,80,20,0,0,0,0,0,D2,32,B3,CA,AC,0,Cursed Ring,Wall Ring,Black Robe, ,658e8b92ffffffffffff
211,D3,Thing,monster,D01A60,D0534C,E0088E,Thing,Thing_211,20,100,7,50,50,0,0,33,3,499,0,1993,52,14,64,7,32,32,0,0,21,3,0,F4,1,0,0,D0,7,0,0,34,80,0,FF,0,0,20,0,0,0,0,0,D3,34,88,E2,8F,0,Crystal Shield,Ether,Crystal Helm, ,7381828780ffffffffff
212,D4,Mover,monster,D01A80,D05350,E00898,Mover,Mover_212,35,128,3,0,40,0,0,10,9961,499,0,49805,52,23,80,3,0,28,0,0,0A,10,27,F4,1,0,0,50,C3,0,0,F4,0,0,8,0,1,21,0,0,0,0,0,D4,34,FD,FC,FE,0,Water Scroll,Flame Scroll,Thunder Scroll, ,6c888f7e8bffffffffff
213,D5,CrysDragon,monster,D01AA0,D05354,E008A2,CrysDragon,CrysDragon_213,50,128,13,0,40,0,20,50,17432,9961,0,9961,62,32,80,0D,0,28,0,14,32,5C,44,10,27,0,0,10,27,0,0,7F,0,0,47,40,0,30,10,8,0,1,0,D5,3E,20,E3,A0,0,Dragoon Lance,Elixir,Crystal Armor, ,628b928c638b7a808887
214,D6,Achelone,monster,D01AC0,D05358,E008AC,Achelone,Achelone_214,20,100,13,70,70,0,0,33,3188,0,1475,640,52,14,64,0D,46,46,0,0,21,80,0C,0,0,C8,5,82,2,0,0,0,0,0,0,0,80,0,0,0,0,0,0,D6,34,57,E7,E3,0,Flametongue,TurtleShell,Elixir, ,607c817e8588877effff
215,D7,Bodyguard,monster,D01AE0,D0535C,E008B6,Bodyguard,Bodyguard_215,20,109,13,10,5,0,0,50,3945,0,1993,643,52,14,6D,0D,0A,5,0,0,32,78,0F,0,0,D0,7,85,2,2E,0,0,0,0,0,0,0,80,0,0,0,0,0,D7,34,30,F1,B9,0,Tempest,Cabin,Strength, ,61887d92808e7a8b7dff
216,D8,Gilgamesh,monster,D01B00,D05360,E008C0,Gilgamesh,Gilgamesh_216,47,109,13,5,0,0,35,0,36856,0,0,15,59,2F,6D,0D,5,0,0,23,0,88,90,0,0,0,0,0F,0,30,0,FF,FF,10,0,0,0,A0,98,0,0,0,0,D8,3B,0,C6,67,0, ,Genji Shield,AntiMagic Bow, ,6694807a867e8c81ffff
217,D9,Sahagin,monster,D01B20,D05364,E008CA,Sahagin,Sahagin_217,26,27,5,0,0,0,5,0,548,10,180,100,20,1A,1B,5,0,0,0,5,0,26,2,0A,0,B4,0,64,0,0,80,0,0,0,80,0,4,0,0,0,0,0,0,D9,14,E0,E0,E0,0,Potion,Potion,Potion, ,727a817a808287ffffff
218,DA,Th.Anemone,monster,D01B40,D05368,E008D4,ThAnemone,ThAnemone_218,25,27,5,0,0,10,5,0,598,100,160,100,21,19,1B,5,0,0,0A,5,0,58,2,64,0,A0,0,64,0,0,0,30,0,0,4,0,0,0,0,0,0,0,0,DA,15,0,0,E0,FE, , ,Potion,Thunder Scroll,7381a360877e8688877e
219,DB,Sea Avis,monster,D01B60,D0536C,E008DE,Sea_Avis,Sea_Avis_219,50,30,5,90,10,10,35,80,25,100,200,100,19,32,1E,5,5A,0A,0A,23,50,19,0,64,0,C8,0,64,0,0,A0,30,0,0,0,40,0,0,0,88,0,0,0,DB,13,EC,0,EC,0,Soft, ,Soft, ,727e7a96608f828cffff
220,DC,Corvette,monster,D01B80,D05370,E008E8,Corvette,Corvette_220,35,40,9,0,0,0,25,0,2790,0,0,997,29,23,28,9,0,0,0,19,0,F0,0A,0,0,0,0,E8,3,0,20,F0,F0,0,80,0,4,0,0,88,0,0,0,DC,1D,1A,0,E1,0,Trident, ,HiPotion, ,62888b8f7eb07effffff
221,DD,Armon,monster,D01BA0,D05374,E008F2,Armon,Armon_221,25,90,1,0,35,0,0,0,1495,299,0,738,25,19,5A,1,0,23,0,0,0,DC,5,2C,1,0,0,E4,2,0,0,0,0,0,80,0,4,0,0,0,0,0,0,DD,19,E1,E8,E1,0,HiPotion,Antidote,HiPotion, ,608b868887ffffffffff
222,DE,SeaScorpio,monster,D01BC0,D05378,E008FC,SeaScorpio,SeaScorpio_222,35,59,18,80,20,0,0,0,499,0,0,678,26,23,3B,12,50,14,0,0,0,F4,1,0,0,0,0,A8,2,0,80,10,0,0,80,0,4,0,0,0,0,0,0,DE,1A,0,E0,E0,0, ,Potion,Potion, ,727e7a727c888b898288
223,DF,Silvune,monster,D01BE0,D0537C,E00906,Silvune,Silvune_223,59,77,19,40,40,10,30,90,18926,9961,0,9961,27,3B,4D,13,28,28,0A,1E,5A,38,4A,10,27,0,0,10,27,49,0,0,0,0,F0,0,0,A0,0,0,0,0,0,DF,1B,B4,E5,BC,0,Glasses,Maiden's Kiss,Angel Ring, ,72948f8e877effffffff
224,E0,Gel Fish,monster,D01C00,D05380,E00910,Gel_Fish,Gel_Fish_224,30,0,0,0,0,0,0,0,997,0,0,538,28,1E,0,0,0,0,0,0,0,E8,3,0,0,0,0,1C,2,0,0,10,0,0,80,0,4,0,0,0,0,0,0,E0,1C,0,E0,E1,0, ,Potion,HiPotion, ,667e859665828c81ffff
225,E1,Giant Bird,monster,D01C20,D05384,E0091A,Giant_Bird,Giant_Bird_225,55,75,19,5,20,0,10,50,8965,499,0,4981,29,37,4B,13,5,14,0,0A,32,28,23,F4,1,0,0,88,13,0,20,30,0,0,0,40,0,28,0,88,0,0,0,E1,1D,2E,E1,F2,0,Murasume,HiPotion,Giant Drink, ,66827a878d9661af7dff
226,E2,Sea Devil,monster,D01C40,D05388,E00924,Sea_Devil,Sea_Devil_226,20,71,8,0,15,0,10,0,4981,997,0,2989,30,14,47,8,0,0F,0,0A,0,88,13,E8,3,0,0,B8,0B,0,0,0,0,0,80,0,4,0,0,0,0,0,0,E2,1E,14,E1,E7,0,Defender Sword,HiPotion,TurtleShell, ,727e7a96637e8f8285ff
227,E3,Stingray,monster,D01C60,D0538C,E0092E,Stingray,Stingray_227,70,66,16,40,60,70,20,10,29883,997,0,0,93,46,42,10,28,3C,46,14,0A,30,75,E8,3,0,0,0,0,0,20,F0,0,0,80,0,0,20,0,0,0,0,0,E3,5D,56,EB,4F,0,RuneEdge,DarkMatter,Dragon's Whisker, ,728d8287808b7a92ffff
228,E4,????,monster,D01C80,D05390,E00938,QuestionMark,QuestionMark_228,50,50,10,30,30,0,30,0,1993,499,4981,1,33,32,32,0A,1E,1E,0,1E,0,D0,7,F4,1,88,13,1,0,0,0,FF,FF,10,0,0,0,20,18,0,0,0,0,E4,21,0,E0,E0,0, ,Potion,Potion, ,a2a2a2a2ffffffffffff
229,E5,Golem,monster,D01CA0,D05394,E00942,Golem,Golem_229,60,50,10,0,50,0,50,0,29883,997,0,0,71,3C,32,0A,0,32,0,32,0,30,75,E8,3,0,0,0,0,0,FF,FF,FF,FF,0,0,0,20,18,0,0,0,0,E5,47,0,EC,0,FB, ,Soft, ,Golem,6688857e86ffffffffff
230,E6,Chimera,monster,D01CC0,D05398,E0094C,Chimera,Chimera_230,20,0,0,0,0,0,0,0,100,0,0,0,0,14,0,0,0,0,0,0,0,64,0,0,0,0,0,0,0,0,0,0,0,0,0,0,0,0,0,0,0,0,0,E6,0,0,0,0,0, , , , ,628182867e8b7affffff
231,E7,Shiva,monster,D01CE0,D0539C,E00956,Shiva,Shiva_231,25,0,0,0,0,50,0,0,6973,9961,0,0,51,19,0,0,0,0,32,0,0,58,1B,10,27,0,0,0,0,0,0,0,0,0,0,0,0,0,98,0,0,0,0,E7,33,0,E0,FD,0, ,Potion,Water Scroll, ,7281828f7affffffffff
232,E8,Ifrit,monster,D01D00,D053A0,E00960,Ifrit,Ifrit_232,25,0,0,0,0,0,0,0,6973,9961,0,0,1,19,0,0,0,0,0,0,0,58,1B,10,27,0,0,0,0,0,0,0,0,0,0,0,0,0,98,0,0,0,0,E8,1,0,E0,FC,0, ,Potion,Flame Scroll, ,687f8b828dffffffffff
233,E9,Ramuh,monster,D01D20,D053A4,E0096A,Ramuh,Ramuh_233,25,0,0,0,0,0,0,0,6973,9961,0,0,1,19,0,0,0,0,0,0,0,58,1B,10,27,0,0,0,0,0,0,0,0,0,0,0,0,0,98,0,0,0,0,E9,1,0,E0,FE,0, ,Potion,Thunder Scroll, ,717a868e81ffffffffff
234,EA,Gala Cat,monster,D01D40,D053A8,E00974,Gala_Cat,Gala_Cat_234,25,55,8,0,0,0,0,0,6973,9961,0,0,47,19,37,8,0,0,0,0,0,58,1B,10,27,0,0,0,0,0,0,0,0,0,0,0,0,0,98,0,0,0,0,EA,2F,0,E0,E2,0, ,Potion,Ether, ,667a857a96627a8dffff
235,EB,Wyvern,monster,D01D60,D053AC,E0097E,Wyvern,Wyvern_235,25,40,10,0,0,0,0,0,6973,9961,0,0,47,19,28,0A,0,0,0,0,0,58,1B,10,27,0,0,0,0,0,0,0,0,0,0,0,0,0,98,0,0,0,0,EB,2F,0,E0,E1,0, ,Potion,HiPotion, ,76928f7e8b87ffffffff
236,EC,Elf Toad,monster,D01D80,D053B0,E00988,Elf_Toad,Elf_Toad_236,25,40,10,0,0,0,0,0,6973,9961,0,0,47,19,28,0A,0,0,0,0,0,58,1B,10,27,0,0,0,0,0,0,0,0,0,0,0,0,0,98,0,0,0,0,EC,2F,0,E0,E5,0, ,Potion,Maiden's Kiss, ,64857f9673887a7dffff
237,ED,Crew Dust,monster,D01DA0,D053B4,E00992,Crew_Dust,Crew_Dust_237,25,40,10,0,0,0,0,0,6973,9961,0,0,47,19,28,0A,0,0,0,0,0,58,1B,10,27,0,0,0,0,0,0,0,0,0,0,0,0,0,98,0,0,0,0,ED,2F,0,E0,E9,0, ,Potion,Eyedrop, ,628b7e9096638e8c8dff
238,EE,Whirl Demon,monster,D01DC0,D053B8,E0099C,Whirl_Demon,Whirl_Demon_238,25,40,10,0,0,0,0,0,6973,9961,0,0,47,19,28,0A,0,0,0,0,0,58,1B,10,27,0,0,0,0,0,0,0,0,0,0,0,0,0,98,0,0,0,0,EE,2F,0,E0,E3,0, ,Potion,Elixir, ,7681af8596637e868887
239,EF,ZombieDrgn,monster,D01DE0,D053BC,E009A6,ZombieDrgn,ZombieDrgn_239,25,50,10,0,0,0,0,0,6973,9961,0,0,47,19,32,0A,0,0,0,0,0,58,1B,10,27,0,0,0,0,0,0,0,0,0,0,0,0,0,98,0,0,0,0,EF,2F,0,E0,EA,0, ,Potion,DragonFang, ,7988867b827e638b8087
240,F0,D.Chimera,monster,D01E00,D053C0,E009B0,DChimera,DChimera_240,40,60,8,0,0,0,0,0,2690,997,0,0,45,28,3C,8,0,0,0,0,0,8C,0A,E8,3,0,0,0,0,0,0,0,0,0,0,0,0,0,0,0,0,0,0,F0,2D,0,E1,F5,0, ,HiPotion,Protect Drink, ,63a3628182867e8b7aff
241,F1,AdamaGolem,monster,D01E20,D053C4,E009BA,AdamaGolem,AdamaGolem_241,35,60,9,0,0,0,0,0,1993,997,0,0,44,23,3C,9,0,0,0,0,0,D0,7,E8,3,0,0,0,0,0,0,0,0,0,0,0,0,0,0,0,0,0,0,F1,2C,0,E1,EC,0, ,HiPotion,Soft, ,607d7a867a6688857e86
242,F2,Ziggurat,monster,D01E40,D053C8,E009C4,Ziggurat,Ziggurat_242,35,60,8,0,0,0,0,0,2989,997,0,0,43,23,3C,8,0,0,0,0,0,B8,0B,E8,3,0,0,0,0,0,0,0,0,0,0,0,0,0,0,0,0,0,0,F2,2B,9F,F3,0,F2,Diamond Armor,Power Drink, ,Giant Drink,798280808e8b7a8dffff
243,F3,LonkaKnght,monster,D01E60,D053CC,E009CE,LonkaKnght,LonkaKnght_243,35,70,10,0,0,0,0,0,1993,997,0,0,42,23,46,0A,0,0,0,0,0,D0,7,E8,3,0,0,0,0,0,0,0,0,0,0,0,0,0,0,0,0,0,0,F3,2A,0,F6,FC,0, ,Hero Drink,Flame Scroll, ,6b8887847a6a8780818d
244,F4,BioSoldier,monster,D01E80,D053D0,E009D8,BioSoldier,BioSoldier_244,50,60,11,0,0,0,0,0,1993,4981,0,0,41,32,3C,0B,0,0,0,0,0,D0,7,88,13,0,0,0,0,0,0,4,0,0,8,0,0,80,0,0,0,0,0,F4,29,8E,E8,25,0,Diamond Helm,Antidote,Venom Axe, ,6182887288857d827e8b
245,F5,Lunenta,monster,D01EA0,D053D4,E009E2,Lunenta,Lunenta_245,45,60,9,0,50,0,50,0,1594,9961,0,0,40,2D,3C,9,0,32,0,32,0,40,6,10,27,0,0,0,0,0,0,D0,80,0,0,20,0,4,0,0,0,0,0,F5,28,0,E9,E8,0, ,Eyedrop,Antidote, ,6b8e877e878d7affffff
246,F6,Tote Avis,monster,D01EC0,D053D8,E009EC,Tote_Avis,Tote_Avis_246,50,70,15,20,10,10,10,60,32961,997,0,0,47,32,46,0F,14,0A,0A,0A,3C,42,81,E8,3,0,0,0,0,0,20,F4,E8,10,40,0,0,28,0,88,0,0,0,F6,2F,E2,68,68,0,Ether,Avis Killer,Avis Killer, ,73888d7e96608f828cff
247,F7,Belfegor,monster,D01EE0,D053DC,E009F6,Belfegor,Belfegor_247,40,73,10,15,30,50,10,70,5977,499,0,947,55,28,49,0A,0F,1E,32,0A,46,70,17,F4,1,0,0,B6,3,0,0,10,0,0,20,0,0,4,0,0,0,0,0,F7,37,64,59,CD,0,RisingSun,Full Moon,Ice Shield, ,617e857f7e80888bffff
248,F8,Imp,monster,D01F00,D053E0,E00A00,Imp,Imp_248,40,65,0,0,0,0,0,0,997,499,0,0,52,28,41,0,0,0,0,0,0,E8,3,F4,1,0,0,0,0,0,0,0,0,0,20,0,0,84,0,0,0,0,0,F8,34,E1,E0,E1,0,HiPotion,Potion,HiPotion, ,688689ffffffffffffff
249,F9,Owazoral,monster,D01F20,D053E4,E00A0A,Owazoral,Owazoral_249,40,60,0,0,0,0,0,0,997,499,0,0,53,28,3C,0,0,0,0,0,0,E8,3,F4,1,0,0,0,0,0,0,0,0,0,20,0,0,84,0,0,0,0,0,F9,35,E1,E0,E2,0,HiPotion,Potion,Ether, ,6e907a93888b7a85ffff
250,FA,Garkimasra,monster,D01F40,D053E8,E00A14,Garkimasra,Garkimasra_250,40,60,10,50,65,60,60,50,664,4981,0,1,54,28,3C,0A,32,41,3C,3C,32,9A,2,88,13,0,0,1,0,0,0,0,0,0,30,0,0,84,0,0,0,0,0,FA,36,E1,E0,E3,0,HiPotion,Potion,Elixir, ,667a8b8482867a8c8b7a
251,FB,Gabbldegak,monster,D01F60,D053EC,E00A1E,Gabbldegak,Gabbldegak_251,25,39,10,15,5,0,5,0,1196,100,887,997,24,19,27,0A,0F,5,0,5,0,B0,4,64,0,7A,3,E8,3,0,0,0,0,0,0,0,0,84,0,0,0,0,0,FB,18,E1,E0,E4,0,HiPotion,Potion,Phoenix Down, ,667a7b7b857d7e807a84
252,FC,Gil Turtle,monster,D01F80,D053F0,E00A28,Gil_Turtle,Gil_Turtle_252,66,115,13,40,40,90,55,40,32640,7969,0,4981,57,42,73,0D,28,28,5A,37,28,0,80,40,1F,0,0,88,13,0,10,FF,FC,10,ED,0,2,21,18,0,0,60,0,FC,39,E1,E0,0,0,HiPotion,Potion, , ,669496738e8b8d857eff
253,FD,Omega,monster,D01FA0,D053F4,E00A32,Omega,Omega_253,76,115,25,95,190,199,150,90,55314,60463,0,49805,119,4C,73,19,5F,BE,C7,96,5A,EA,D8,1C,ED,0,0,50,C3,0,0,F5,FC,0,FB,20,4,20,98,80,0,B0,0,FD,77,0,0,0,F8, , , ,OmegaMedl,6e867e807affffffffff
254,FE,Big Boss,monster,D01FC0,D053F8,E00A3C,Big_Boss,Big_Boss_254,28,250,10,99,250,250,250,99,3,9961,0,0,13,1C,FA,0A,63,FA,FA,FA,63,3,0,10,27,0,0,0,0,0,FF,FF,FF,FF,FF,0,FF,21,98,0,0,0,0,FE,0D,0,0,0,0, , , , ,6182809661888c8cffff
255,FF,,monster,D01FE0,D053FC,E00A46,Blank,Blank_255,20,0,0,0,0,0,0,0,100,0,0,0,0,14,0,0,0,0,0,0,0,64,0,0,0,0,0,0,0,0,0,0,0,0,0,0,0,0,0,0,0,0,0,FF,0,0,0,0,0, , , , ,ffffffffffffffffffff
256,0,WingRaptor,boss,D02000,D05000,E00A50,WingRaptor,WingRaptor_256,25,7,2,0,0,1,10,10,250,25,200,0,1,19,7,2,0,0,1,0A,0A,FA,0,19,0,C8,0,0,0,0,0,70,0,0,0,40,0,20,18,88,0,0,0,0,1,0,E0,0,E4, ,Potion, ,Phoenix Down,76828780717a898d888b
257,1,WingRaptor,boss,D02020,D05004,E00A5A,WingRaptor,WingRaptor_257,25,7,3,40,20,1,10,10,250,0,200,0,2,19,7,3,28,14,1,0A,0A,FA,0,0,0,C8,0,0,0,0,0,70,0,0,0,40,0,20,18,88,0,0,0,1,2,0,E0,0,E4, ,Potion, ,Phoenix Down,76828780717a898d888b
258,2,Karlabos,boss,D02040,D05008,E00A64,Karlabos,Karlabos_258,30,10,4,0,0,0,10,0,648,100,263,0,5,1E,0A,4,0,0,0,0A,0,8A,2,64,0,8,1,0,0,0,0,FF,FF,0,0,0,4,20,18,0,0,0,0,2,5,0,E0,0,F0, ,Potion, ,Tent,6a7a8b857a7b888cffff
259,3,Twin Tania,boss,D02060,D0500C,E00A6E,Twin_Tania,Twin_Tania_259,81,90,13,0,0,72,0,0,49805,9961,54802,0,30,51,5A,0D,0,0,48,0,0,50,C3,10,27,E8,D6,0,0,0,0,14,F8,0,0,0,90,4,18,0,0,0,0,3,1E,0,6A,2E,0, ,Giant's Axe,Murasume, ,7390828796737a87827a
260,4,Siren,boss,D02080,D05010,E00A78,Siren,Siren_260,35,15,6,0,0,0,20,0,897,200,403,0,2,23,0F,6,0,0,0,14,0,84,3,C8,0,94,1,0,0,0,0,30,44,0,0,0,0,A0,18,0,0,0,0,4,2,0,0,0,9B, , , ,Bronze Armor,72828b7e87ffffffffff
261,5,Siren,boss,D020A0,D05014,E00A82,Siren,Siren_261,35,14,8,0,12,0,0,0,897,200,403,0,2,23,0E,8,0,0C,0,0,0,84,3,C8,0,94,1,0,0,0,0,34,FF,10,8,0,1,A1,18,0,0,0,0,5,2,0,0,0,82, , , ,Bronze Shield,72828b7e87ffffffffff
262,6,Forza,boss,D020C0,D05018,E00A8C,Forza,Forza_262,37,14,9,0,3,0,5,0,847,100,590,0,8,25,0E,9,0,3,0,5,0,52,3,64,0,50,2,0,0,0,0,F0,0,0,0,0,0,A0,18,0,0,0,0,6,8,0,0,0,F3, , , ,Power Drink,65888b937affffffffff
263,7,Magisa,boss,D020E0,D0501C,E00A96,Magisa,Magisa_263,30,14,5,0,0,1,0,0,648,200,590,0,8,1E,0E,5,0,0,1,0,0,8A,2,C8,0,50,2,0,0,0,0,F0,FB,0,0,0,0,80,18,0,0,0,0,7,8,0,0,0,4B, , , ,Whip,6c7a80828c7affffffff
264,8,Galura,boss,D02100,D05020,E00AA0,Galura,Galura_264,31,15,9,0,7,0,4,0,1196,100,837,0,3,1F,0F,9,0,7,0,4,0,B0,4,64,0,48,3,0,0,0,0,10,40,0,0,0,0,4,18,0,0,0,0,8,3,E1,E0,0,E1,HiPotion,Potion, ,HiPotion,667a858e8b7affffffff
265,9,LiquiFlame,boss,D02120,D05024,E00AAA,LiquiFlame,LiquiFlame_265,35,18,5,20,0,10,15,0,2989,100,1152,0,19,23,12,5,14,0,0A,0F,0,B8,0B,64,0,84,4,0,0,0,88,77,EF,FF,41,0,2,0,18,0,0,0,0,9,13,0,0,0,FC, , , ,Flame Scroll,6b828a8e8265857a867e
266,0A,LiquiFlame,boss,D02140,D05028,E00AB4,LiquiFlame,LiquiFlame_266,35,18,5,10,0,30,30,0,2989,30,1152,0,19,23,12,5,0A,0,1E,1E,0,B8,0B,1E,0,84,4,0,0,0,FE,77,EF,FF,41,0,2,20,18,0,0,0,0,9,13,0,0,0,32, , , ,Fire Rod,6b828a8e8265857a867e
267,0B,LiquiFlame,boss,D02160,D0502C,E00ABE,LiquiFlame,LiquiFlame_267,35,18,5,30,0,20,15,0,2989,50,1152,0,19,23,12,5,1E,0,14,0F,0,B8,0B,32,0,84,4,0,0,0,88,77,EF,FF,41,0,2,0,18,0,0,0,0,9,13,0,0,0,3F, , , ,Fire Bow,6b828a8e8265857a867e
268,0C,Commander,boss,D02180,D05030,E00AC8,Commander,Commander_268,25,21,6,10,0,10,0,0,598,200,0,0,4,19,15,6,0A,0,0A,0,0,58,2,C8,0,0,0,0,0,0,0,10,0,0,2,0,1,80,18,0,0,0,0,0C,4,0,0F,0E,0, ,Mythril Sword,RegalCut, ,628886867a877d7e8bff
269,0D,Sandworm,boss,D021A0,D05034,E00AD2,Sandworm,Sandworm_269,50,25,10,0,0,1,10,10,2989,10086,2610,0,18,32,19,0A,0,0,1,0A,0A,B8,0B,8D,27,3C,0A,0,0,0,0,FF,FF,10,0,0,0,60,18,0,0,0,0,0D,12,0,0,0,0, , , , ,727a877d90888b86ffff
270,0E,Hole,boss,D021C0,D05038,E00ADC,Hole,Hole_270,1,25,10,0,0,1,10,10,2989,10086,0,0,18,1,19,0A,0,0,1,0A,0A,B8,0B,8D,27,0,0,0,0,0,0,FF,FF,10,0,0,0,60,18,0,0,0,40,0E,12,0,0,0,0, , , , ,6788857effffffffffff
271,0F,,boss,D021E0,D0503C,E00AE6,Blank,Blank_271,98,7,2,0,0,1,10,10,2989,10086,0,0,18,62,7,2,0,0,1,0A,0A,B8,0B,8D,27,0,0,0,0,0,0,FF,FF,10,0,0,80,60,18,0,0,0,80,0F,12,0,0,0,0, , , , ,ffffffffffffffffffff
272,10,AdamanTiMi,boss,D02200,D05040,E00AF0,AdamanTiMi,AdamanTiMi_272,30,31,18,0,25,0,5,50,1993,125,4104,0,20,1E,1F,12,0,19,0,5,32,D0,7,7D,0,18,10,0,0,0,0,7A,70,10,0,0,2,0,18,0,0,60,0,10,14,0,F5,0,E7, ,Protect Drink, ,TurtleShell,607d7a867a8773826c82
273,11,Flamegun,boss,D02220,D05044,E00AFA,Flamegun,Flamegun_273,35,7,2,0,15,1,20,10,2391,125,0,0,22,23,7,2,0,0F,1,14,0A,60,9,7D,0,0,0,0,0,0,0,FF,FF,0,0,0,4,0,18,0,0,0,0,11,16,E2,E0,0,F4,Ether,Potion, ,Speed Drink,65857a867e808e87ffff
274,12,Rocket,boss,D02240,D05048,E00B04,Rocket,Rocket_274,33,7,2,0,20,1,15,10,2491,200,0,0,23,21,7,2,0,14,1,0F,0A,C4,9,C8,0,0,0,0,0,0,0,FF,FF,0,0,0,4,0,18,0,0,0,0,12,17,E2,E0,0,F5,Ether,Potion, ,Protect Drink,71887c847e8dffffffff
275,13,Exdeath,boss,D02260,D0504C,E00B0E,Exdeath,Exdeath_275,44,111,17,10,35,25,25,15,48810,29883,0,0,77,2C,6F,11,0A,23,19,19,0F,69,BF,30,75,0,0,0,0,0,0,FF,FF,10,0,40,0,A0,18,0,0,0,0,13,4D,60,E4,0,0,Wonder Wand,Phoenix Down, , ,64917d7e7a8d81ffffff
276,14,Sol Cannon,boss,D02280,D05050,E00B18,Sol_Cannon,Sol_Cannon_276,55,7,2,0,5,1,10,10,22413,997,40,100,36,37,7,2,0,5,1,0A,0A,E4,57,E8,3,28,0,64,0,0,C8,FF,FF,10,0,0,4,20,98,0,0,0,0,14,24,E3,E2,0,EB,Elixir,Ether, ,DarkMatter,72888596627a87878887
277,15,ArchaeAvis,boss,D022A0,D05054,E00B22,ArchaeAvis,ArchaeAvis_277,30,39,7,10,30,1,6,0,1594,1993,6109,0,21,1E,27,7,0A,1E,1,6,0,40,6,D0,7,F4,17,0,0,0,20,F4,FF,10,0,40,40,20,98,88,0,0,0,15,15,0,0,0,F2, , , ,Giant Drink,608b7c817a7e608f828c
278,16,ArchaeAvis,boss,D022C0,D05058,E00B2C,ArchaeAvis,ArchaeAvis_278,30,39,7,10,24,1,12,0,1594,1993,6109,0,19,1E,27,7,0A,18,1,0C,0,40,6,D0,7,F4,17,0,0,0,20,F4,FF,10,2,40,0,0,98,88,0,0,0,15,13,0,0,0,F3, , , ,Power Drink,608b7c817a7e608f828c
279,17,ArchaeAvis,boss,D022E0,D0505C,E00B36,ArchaeAvis,ArchaeAvis_279,30,39,7,10,18,1,18,0,1594,1993,6109,0,23,1E,27,7,0A,12,1,12,0,40,6,D0,7,F4,17,0,0,0,20,F4,FF,10,1,40,0,20,98,88,0,0,0,15,17,0,0,0,F4, , , ,Speed Drink,608b7c817a7e608f828c
280,18,ArchaeAvis,boss,D02300,D05060,E00B40,ArchaeAvis,ArchaeAvis_280,30,39,7,10,12,1,24,0,1594,1993,6109,0,24,1E,27,7,0A,0C,1,18,0,40,6,D0,7,F4,17,0,0,0,20,F4,FF,10,4,40,0,0,98,88,0,0,0,15,18,0,0,0,F5, , , ,Protect Drink,608b7c817a7e608f828c
281,19,ArchaeAvis,boss,D02320,D05064,E00B4A,ArchaeAvis,ArchaeAvis_281,35,42,7,10,6,1,30,0,2491,1993,6109,0,20,23,2A,7,0A,6,1,1E,0,C4,9,D0,7,F4,17,0,0,0,67,F4,FF,10,0,40,0,20,98,88,0,0,0,15,14,0,0,0,F6, , , ,Hero Drink,608b7c817a7e608f828c
282,1A,Chim.Brain,boss,D02340,D05068,E00B54,ChimBrain,ChimBrain_282,35,40,7,10,10,1,20,0,3288,997,2443,0,19,23,28,7,0A,0A,1,14,0,E4,0C,E8,3,94,9,0,0,0,0,30,70,0,2,0,0,4,18,0,0,0,0,1A,13,1B,EA,0,E4,Wind Spear,DragonFang, ,Phoenix Down,62818286a3618b7a8287
283,1B,Titan,boss,D02360,D0506C,E00B5E,Titan,Titan_283,25,45,7,10,10,0,0,0,2491,1993,2443,0,1,19,2D,7,0A,0A,0,0,0,C4,9,D0,7,94,9,0,0,0,0,F7,DF,0,20,0,0,A0,18,0,0,0,0,1B,1,26,E0,0,E1,Earth Hammer,Potion, ,HiPotion,73828d7a87ffffffffff
284,1C,Puroboros,boss,D02380,D05070,E00B68,Puroboros,Puroboros_284,20,45,7,0,0,10,0,0,1495,100,2443,0,22,14,2D,7,0,0,0A,0,0,DC,5,64,0,94,9,0,0,0,0,30,30,0,0,0,0,0,8,0,0,0,0,1C,16,E9,0,E0,0,Eyedrop, ,Potion, ,6f8e8b887b888b888cff
285,1D,Abductor,boss,D023A0,D05074,E00B72,Abductor,Abductor_285,25,40,7,0,0,10,0,0,1495,1993,0,0,22,19,28,7,0,0,0A,0,0,DC,5,D0,7,0,0,0,0,0,0,30,60,0,0,40,0,0,18,88,0,0,0,1D,16,A9,0,0,E2,Gaia Gear, , ,Ether,607b7d8e7c8d888bffff
286,1E,Gilgamesh,boss,D023C0,D05078,E00B7C,Gilgamesh,Gilgamesh_286,25,40,6,0,0,0,0,0,11456,1993,0,0,26,19,28,6,0,0,0,0,0,EC,2C,D0,7,0,0,0,0,0E,0,64,70,0,0,0,0,0,98,0,0,0,0,1E,1A,0,0,0,E3, , , ,Elixir,668285807a867e8c81ff
287,1F,Fishman,boss,D023E0,D0507C,E00B86,Fishman,Fishman_287,25,40,6,0,0,0,0,0,399,0,299,200,25,19,28,6,0,0,0,0,0,90,1,0,0,2C,1,C8,0,0,0,10,0,0,80,0,4,0,8,0,0,0,0,1F,19,0,0,E0,0, , ,Potion, ,65828c81867a87ffffff
288,20,FlyingKillr,boss,D02400,D05080,E00B90,FlyingKillr,FlyingKillr_288,28,40,6,0,0,0,0,0,299,0,299,200,26,1C,28,6,0,0,0,0,0,2C,1,0,0,2C,1,C8,0,0,20,30,0,0,0,0,0,0,8,88,0,0,0,20,1A,0,0,E8,0, , ,Antidote, ,6585928287806a82988b
289,21,Lil Chariot,boss,D02420,D05084,E00B9A,Lil_Chariot,Lil_Chariot_289,25,40,6,0,0,0,0,0,479,100,299,200,8,19,28,6,0,0,0,0,0,E0,1,64,0,2C,1,C8,0,0,0,34,F0,0,0,0,4,0,8,0,0,0,0,21,8,0,0,E1,0, , ,HiPotion, ,6b949962817a8b82888d
290,22,NeoGalura,boss,D02440,D05088,E00BA4,NeoGalura,NeoGalura_290,25,40,6,0,0,0,0,0,977,997,299,499,27,19,28,6,0,0,0,0,0,D4,3,E8,3,2C,1,F4,1,0,0,10,0,0,4,0,0,4,18,0,0,0,0,22,1B,0,0,FD,0, , ,Water Scroll, ,6d7e88667a858e8b7aff
291,23,Gilgamesh,boss,D02460,D0508C,E00BAE,Gilgamesh,Gilgamesh_291,45,49,7,10,14,0,10,0,6475,997,8702,0,28,2D,31,7,0A,0E,0,0A,0,64,19,E8,3,20,22,0,0,10,0,F4,70,10,0,0,0,A0,98,0,0,0,0,23,1C,1A,F6,0,91,Trident,Hero Drink, ,Tricorn Hat,668285807a867e8c81ff
292,24,Tyrasaurus,boss,D02480,D05090,E00BB8,Tyrasaurus,Tyrasaurus_292,50,45,8,0,20,0,20,0,4981,997,0,0,29,32,2D,8,0,14,0,14,0,88,13,E8,3,0,0,0,0,0,2,74,74,10,0,0,1,11,18,0,0,0,0,24,1D,85,0,E3,0,Golden Shield, ,Elixir, ,73928b7a8c7a8e8b8e8c
293,25,Shiva,boss,D024A0,D05094,E00BC2,Shiva,Shiva_293,25,40,6,0,0,0,0,0,1495,997,0,0,11,19,28,6,0,0,0,0,0,DC,5,E8,3,0,0,0,0,0,0,FA,FF,10,2,0,1,A0,18,0,0,0,0,25,0B,E4,E1,0,33,Phoenix Down,HiPotion, ,Ice Rod,7281828f7affffffffff
294,26,Abductor,boss,D024C0,D05098,E00BCC,Abductor,Abductor_294,35,40,6,0,0,0,0,0,2491,997,0,0,29,23,28,6,0,0,0,0,0,C4,9,E8,3,0,0,0,0,0,0,34,20,0,0,40,0,0,18,88,0,0,0,26,1D,BA,E1,E0,0,Power Wrist,HiPotion,Potion, ,607b7d8e7c8d888bffff
295,27,HiryuuPlant,boss,D024E0,D0509C,E00BD6,HiryuuPlant,HiryuuPlant_295,39,40,6,0,0,50,40,0,11954,997,10244,0,33,27,28,6,0,0,32,28,0,E0,2E,E8,3,2C,28,0,0,0,0,74,74,0,0,0,0,80,18,80,0,1,0,27,21,0,0,0,E3, , , ,Elixir,67af928e8e6f857a878d
296,28,HiryuuFlowr,boss,D02500,D050A0,E00BE0,HiryuuFlowr,HiryuuFlowr_296,22,5,20,0,0,50,50,30,100,997,0,0,31,16,5,14,0,0,32,32,1E,64,0,E8,3,0,0,0,0,0,0,0,0,0,0,0,0,0,18,80,0,1,0,28,1F,0,0,E4,0, , ,Phoenix Down, ,67af928e8e658588908b
297,29,HiryuuFlowr,boss,D02520,D050A4,E00BEA,HiryuuFlowr,HiryuuFlowr_297,17,5,20,0,0,50,50,30,100,997,0,0,31,11,5,14,0,0,32,32,1E,64,0,E8,3,0,0,0,0,0,0,0,0,0,0,0,0,0,18,80,0,1,0,28,1F,0,0,E4,0, , ,Phoenix Down, ,67af928e8e658588908b
298,2A,HiryuuFlowr,boss,D02540,D050A8,E00BF4,HiryuuFlowr,HiryuuFlowr_298,27,5,20,0,0,50,50,30,100,997,0,0,33,1B,5,14,0,0,32,32,1E,64,0,E8,3,0,0,0,0,0,0,0,0,0,0,0,0,0,18,80,0,1,0,28,21,0,0,E4,0, , ,Phoenix Down, ,67af928e8e658588908b
299,2B,HiryuuFlowr,boss,D02560,D050AC,E00BFE,HiryuuFlowr,HiryuuFlowr_299,22,5,20,0,0,50,50,30,100,997,0,0,31,16,5,14,0,0,32,32,1E,64,0,E8,3,0,0,0,0,0,0,0,0,0,0,0,0,0,18,80,0,1,0,28,1F,0,0,E4,0, , ,Phoenix Down, ,67af928e8e658588908b
300,2C,HiryuuFlowr,boss,D02580,D050B0,E00C08,HiryuuFlowr,HiryuuFlowr_300,18,5,20,0,0,50,50,30,100,997,0,0,35,12,5,14,0,0,32,32,1E,64,0,E8,3,0,0,0,0,0,0,0,0,0,0,0,0,0,18,80,0,1,0,28,23,0,0,E4,0, , ,Phoenix Down, ,67af928e8e658588908b
301,2D,Gilgamesh,boss,D025A0,D050B4,E00C12,Gilgamesh,Gilgamesh_301,45,50,5,10,10,50,10,10,8854,885,11962,0,31,2D,32,5,0A,0A,32,0A,0A,B8,22,78,3,E8,2E,0,0,2A,0,74,70,10,0,0,0,A0,18,0,0,0,0,2D,1F,0,C9,0,85, ,Genji Gloves, ,Golden Shield,668285807a867e8c81ff
302,2E,Enkidou,boss,D025C0,D050B8,E00C1C,Enkidou,Enkidou_302,45,50,5,20,0,40,0,20,3985,997,11962,0,29,2D,32,5,14,0,28,0,14,A0,0F,E8,3,E8,2E,0,0,23,20,74,70,10,0,0,0,80,8,88,0,0,0,2E,1D,0,97,0,1A, ,GrnBeret, ,Trident,648784827d888effffff
303,2F,Atmos,boss,D025E0,D050BC,E00C26,Atmos,Atmos_303,36,10,10,0,14,80,20,20,19919,9961,13866,0,41,24,0A,0A,0,0E,50,14,14,1D,4E,10,27,60,36,0,0,0,0,FF,BF,FF,0,0,0,20,18,0,0,8,0,2F,29,5E,E2,0,EB,Flail,Ether, ,DarkMatter,608d86888cffffffffff
304,30,Guardian,boss,D02600,D050C0,E00C30,Guardian,Guardian_304,40,40,10,0,10,15,20,20,7747,9961,3992,0,77,28,28,0A,0,0A,0F,14,14,61,1E,10,27,A7,0F,0,0,0,1E,74,FC,10,1,0,0,0,18,0,0,0,0,30,4D,E3,0,62,0,Elixir, ,Soot, ,ffffffffffffffffffff
305,31,Guardian,boss,D02620,D050C4,E00C3A,Guardian,Guardian_305,45,40,10,0,10,1,20,20,7747,9961,3992,0,77,2D,28,0A,0,0A,1,14,14,61,1E,10,27,A7,0F,0,0,0,1E,74,FC,10,20,0,0,0,18,0,0,0,0,31,4D,E3,0,62,0,Elixir, ,Soot, ,ffffffffffffffffffff
306,32,Guardian,boss,D02640,D050C8,E00C44,Guardian,Guardian_306,50,40,10,0,10,15,20,20,7747,9961,3992,0,77,32,28,0A,0,0A,0F,14,14,61,1E,10,27,A7,0F,0,0,0,1E,74,FC,10,80,0,0,0,18,0,0,0,0,32,4D,E3,0,62,0,Elixir, ,Soot, ,ffffffffffffffffffff
307,33,Guardian,boss,D02660,D050CC,E00C4E,Guardian,Guardian_307,55,40,10,0,10,10,20,20,7747,9961,3992,0,77,37,28,0A,0,0A,0A,14,14,61,1E,10,27,A7,0F,0,0,0,1E,74,FC,10,40,0,0,0,18,0,0,0,0,33,4D,E3,0,62,0,Elixir, ,Soot, ,ffffffffffffffffffff
308,34,Carbunkle,boss,D02680,D050D0,E00C58,Carbunkle,Carbunkle_308,50,50,10,70,50,50,50,50,14942,9961,0,0,44,32,32,0A,46,32,32,32,32,98,3A,10,27,0,0,0,0,0,20,F4,FB,10,0,0,0,24,18,88,0,80,0,34,2C,F2,CA,E7,0,Giant Drink,Wall Ring,TurtleShell, ,627a8b7b8e8784857eff
309,35,Merugene,boss,D026A0,D050D4,E00C62,Merugene,Merugene_309,50,75,15,20,50,50,50,15,14942,9961,0,0,41,32,4B,0F,14,32,32,32,0F,98,3A,10,27,0,0,0,0,4D,20,FF,7F,10,0,0,7,20,18,88,0,0,0,35,29,F2,CA,E7,0,Giant Drink,Wall Ring,TurtleShell, ,6c7e8b8e807e877effff
310,36,Gilgamesh,boss,D026C0,D050D8,E00C6C,Gilgamesh,Gilgamesh_310,75,50,1,0,20,0,10,0,59766,8965,0,0,67,4B,32,1,0,14,0,0A,0,60,EA,28,23,0,0,0,0,5C,0,F4,FC,10,0,0,0,A0,98,0,0,1,0,36,43,0,C7,0,5C, ,Genji Helm, ,Excailbur,668285807a867e8c81ff
311,37,Exdeath,boss,D026E0,D050DC,E00C76,Exdeath,Exdeath_311,50,58,20,10,25,0,25,85,32640,32640,18269,0,66,32,3A,14,0A,19,0,19,55,0,80,0,80,A4,47,0,0,14,8,FF,FC,10,0,0,10,20,18,80,0,1,0,37,42,3E,E3,0,0,Judgement Staff,Elixir, , ,64917d7e7a8d81ffffff
312,38,Antlion,boss,D02700,D050E0,E00C80,Antlion,Antlion_312,50,48,13,10,20,0,20,10,8069,997,20791,2989,34,32,30,0D,0A,14,0,14,0A,A4,1F,E8,3,88,51,B8,0B,0,20,F4,30,10,0,0,80,20,18,0,0,0,0,38,22,0,E1,0,F1, ,HiPotion, ,Cabin,60878d85828887ffffff
313,39,Mummy,boss,D02720,D050E4,E00C8A,Mummy,Mummy_313,50,48,13,10,25,0,20,10,2889,50,0,499,27,32,30,0D,0A,19,0,14,0A,54,0B,32,0,0,0,F4,1,0,0,24,70,0,0,0,1,81,8,0,0,0,0,39,1B,E1,E0,E6,0,HiPotion,Potion,Revivify, ,6c8e868692ffffffffff
314,3A,Aspis,boss,D02740,D050E8,E00C94,Aspis,Aspis_314,42,57,11,10,20,0,20,10,1275,50,797,0,35,2A,39,0B,0A,14,0,14,0A,0,5,32,0,20,3,0,0,0,0,14,70,0,0,0,2,1,8,0,0,0,0,3A,23,E1,E8,E8,0,HiPotion,Antidote,Antidote, ,608c89828cffffffffff
315,3B,MachinHead,boss,D02760,D050EC,E00C9E,MachinHead,MachinHead_315,37,59,13,10,28,0,18,36,7182,4981,0,0,37,25,3B,0D,0A,1C,0,12,24,2A,1C,88,13,0,0,0,0,0,0,F4,E7,0,0,0,84,4,8,0,0,0,0,3B,25,C2,E2,F4,0,Gauntlets,Ether,Speed Drink, ,6c7a7c818287677e7a7d
316,3C,Merugene,boss,D02780,D050F0,E00CA8,Merugene,Merugene_316,50,49,13,10,90,5,0,10,19922,499,23536,0,29,32,31,0D,0A,5A,5,0,0A,20,4E,F4,1,4C,5C,0,0,0,F8,F4,88,0,6,0,1,20,18,0,0,0,0,3C,1D,0,9A,E5,0, ,Leather Armor,Maiden's Kiss, ,6c7e8b8e807e877effff
317,3D,Merugene,boss,D027A0,D050F4,E00CB2,Merugene,Merugene_317,50,49,13,10,90,5,0,10,19922,499,23536,0,29,32,31,0D,0A,5A,5,0,0A,20,4E,F4,1,4C,5C,0,0,0,F8,F4,88,0,5,0,2,20,18,0,0,0,0,3C,1D,0,89,E5,0, ,Leather Cap,Maiden's Kiss, ,6c7e8b8e807e877effff
318,3E,Merugene,boss,D027C0,D050F8,E00CBC,Merugene,Merugene_318,50,49,13,10,90,5,0,10,19922,499,23536,0,29,32,31,0D,0A,5A,5,0,0A,20,4E,F4,1,4C,5C,0,0,0,F8,F4,88,0,3,0,4,20,18,0,0,0,0,3C,1D,0,C0,E5,0, ,Leather Shoes,Maiden's Kiss, ,6c7e8b8e807e877effff
319,3F,Merugene,boss,D027E0,D050FC,E00CC6,Merugene,Merugene_319,50,65,13,0,0,0,90,90,19922,499,23536,0,33,32,41,0D,0,0,0,5A,5A,20,4E,F4,1,4C,5C,0,0,0,F8,F4,88,0,7,40,0,20,18,0,0,0,0,3C,21,0,81,E5,0, ,Leather Shield,Maiden's Kiss, ,6c7e8b8e807e877effff
320,40,Odin,boss,D02800,D05100,E00CD0,Odin,Odin_320,50,60,10,10,20,50,20,80,16934,499,0,0,2,32,3C,0A,0A,14,32,14,50,68,42,F4,1,0,0,0,0,2F,0,B4,10,0,10,0,0,A0,18,0,0,0,0,40,2,AF,0,C4,0,Guard Ring, ,Flame Shield, ,6e7d8287ffffffffffff
321,41,Gargoyle,boss,D02820,D05104,E00CDA,Gargoyle,Gargoyle_321,34,58,9,10,13,50,12,35,4981,299,0,0,33,22,3A,9,0A,0D,32,0C,23,88,13,2C,1,0,0,0,0,0,0,30,10,0,10,40,0,A0,18,0,0,0,0,41,21,E4,E0,E1,0,Phoenix Down,Potion,HiPotion, ,667a8b808892857effff
322,42,Triton,boss,D02840,D05108,E00CE4,Triton,Triton_322,35,55,11,0,0,20,25,60,13281,9961,29748,0,37,23,37,0B,0,0,14,19,3C,15,34,10,27,A8,74,0,0,0,0,30,8,4,1,0,2,1,18,0,0,0,0,42,25,E3,EC,F5,0,Elixir,Soft,Protect Drink, ,738b828d8887ffffffff
323,43,Neregeid,boss,D02860,D0510C,E00CEE,Neregeid,Neregeid_323,40,54,11,0,0,20,25,60,13281,9961,29748,0,20,28,36,0B,0,0,14,19,3C,15,34,10,27,A8,74,0,0,0,0,30,8,4,2,0,1,1,18,0,0,0,0,43,14,E3,EC,F3,0,Elixir,Soft,Power Drink, ,6d7e8b7e807e827dffff
324,44,Phobos,boss,D02880,D05110,E00CF8,Phobos,Phobos_324,45,55,11,0,0,20,25,60,13281,9961,29748,0,39,2D,37,0B,0,0,14,19,3C,15,34,10,27,A8,74,0,0,0,0,30,8,4,8,0,20,1,18,0,0,0,0,44,27,E3,EC,F2,0,Elixir,Soft,Giant Drink, ,6f81887b888cffffffff
325,45,Omniscient,boss,D028A0,D05114,E00D02,Omniscient,Omniscient_325,26,100,20,0,0,20,8,0,16933,29883,26520,0,53,1A,64,14,0,0,14,8,0,67,42,30,75,0,68,0,0,0,0,F4,50,0,0,0,40,20,18,0,0,61,0,45,35,C5,E0,0,0,CornaJar,Potion, , ,6e8687828c7c827e878d
326,46,Minotauros,boss,D028C0,D05118,E00D0C,Minotauros,Minotauros_326,35,99,9,0,0,0,0,0,19773,0,26520,0,37,23,63,9,0,0,0,0,0,8A,4D,0,0,0,68,0,0,0,B8,FF,FF,FF,B8,0,0,A0,18,0,0,0,0,46,25,5B,C0,0,0,Pinwheel,Leather Shoes, , ,6c8287888d7a8e8b888c
327,47,Leviathan,boss,D028E0,D0511C,E00D16,Leviathan,Leviathan_327,49,85,16,10,25,1,15,70,39844,1993,33230,0,37,31,55,10,0A,19,1,0F,46,40,9C,D0,7,50,82,0,0,0,21,F4,F8,10,80,0,4,30,18,0,0,0,0,47,25,0,E3,0,CA, ,Elixir, ,Wall Ring,6b7e8f827a8d817a87ff
328,48,Stalker,boss,D02900,D05120,E00D20,Stalker,Stalker_328,40,65,10,0,10,10,20,10,19922,8160,26520,0,7,28,41,0A,0,0A,0A,14,0A,20,4E,0,20,0,68,0,0,4F,20,F4,BC,10,80,0,0,20,18,88,0,0,0,48,7,0,EB,0,0, ,DarkMatter, , ,728d7a85847e8bffffff
329,49,Gogo,boss,D02920,D05124,E00D2A,Gogo,Gogo_329,50,120,25,30,30,35,20,99,47528,59766,0,0,77,32,78,19,1E,1E,23,14,63,62,BA,60,EA,0,0,0,0,0,80,F5,F8,10,0,0,80,A0,98,0,0,0,0,49,4D,94,9A,C3,0,Gold Hairpin,Leather Armor,Tiger Mask, ,66888088ffffffffffff
330,4A,Bahamut,boss,D02940,D05128,E00D34,Bahamut,Bahamut_330,40,69,16,5,10,20,20,33,39844,9961,0,0,99,28,45,10,5,0A,14,14,21,40,9C,10,27,0,0,0,0,0,20,F4,F8,0,0,60,0,20,18,88,0,0,0,4A,63,EA,EA,EA,0,DragonFang,DragonFang,DragonFang, ,617a817a868e8dffffff
331,4B,Jura Avis,boss,D02960,D0512C,E00D3E,Jura_Avis,Jura_Avis_331,40,65,10,20,35,45,30,10,14942,997,0,0,61,28,41,0A,14,23,2D,1E,0A,98,3A,E8,3,0,0,0,0,0,20,F8,58,10,47,0,0,8,18,88,0,0,0,4B,3D,20,E7,0,EA,Dragoon Lance,TurtleShell, ,DragonFang,698e8b7a96608f828cff
332,4C,Halicarnaso,boss,D02980,D05130,E00D48,Halicarnaso,Halicarnaso_332,40,65,12,0,10,250,20,66,33203,4981,49901,0,97,28,41,0C,0,0A,FA,14,42,35,82,88,13,B0,C3,0,0,0,0,E4,78,10,0,0,0,20,18,0,0,0,0,4C,61,86,3C,B2,0,Aegis Shield,Staff of Light,Elf Cape, ,677a977c7a8b877a8c88
333,4D,Exdeath,boss,D029A0,D05134,E00D52,Exdeath,Exdeath_333,35,60,20,0,0,30,1,0,49805,64747,0,0,63,23,3C,14,0,0,1E,1,0,50,C3,E8,FD,0,0,0,0,56,0,FF,FF,14,0,0,0,A0,98,0,0,0,0,4D,3F,0,0,0,0, , , , ,64917d7e7a8d81ffffff
334,4E,NeoExdeath,boss,D029C0,D05138,E00D5C,NeoExdeath,NeoExdeath_334,1,1,1,0,0,0,0,10,55284,55284,0,0,97,1,1,1,0,0,0,0,0A,CC,D8,CC,D8,0,0,0,0,0,FF,FF,FF,10,0,0,0,20,98,82,0,2,0,4E,61,0,0,0,0, , , , ,6d7e8864917d7e7a8d81
335,4F,NeoExdeath,boss,D029E0,D0513C,E00D66,NeoExdeath,NeoExdeath_335,1,1,1,0,0,0,0,10,55284,55284,0,0,97,1,1,1,0,0,0,0,0A,CC,D8,CC,D8,0,0,0,0,0,FF,FF,FF,10,0,0,0,20,98,82,40,2,0,4E,61,0,0,0,0, , , , ,6d7e8864917d7e7a8d81
336,50,Goblin,boss,D02A00,D05140,E00D70,Goblin,Goblin_336,10,5,1,0,0,0,0,0,1,2,3,10,2,0A,5,1,0,0,0,0,0,1,0,2,0,3,0,0A,0,0,0,0,0,0,0,80,0,0,18,0,0,0,0,50,2,0,0,0,0, , , , ,66887b858287ffffffff
337,51,Iron Claw,boss,D02A20,D05144,E00D7A,Iron_Claw,Iron_Claw_337,40,21,8,0,20,1,10,10,897,150,1546,100,39,28,15,8,0,14,1,0A,0A,84,3,96,0,10,6,64,0,0,0,0,0,0,0,0,0,0,8,0,0,0,0,51,27,0,F6,B4,0, ,Hero Drink,Glasses, ,688b88879662857a90ff
338,52,Sergeant,boss,D02A40,D05148,E00D84,Sergeant,Sergeant_338,20,7,2,0,0,5,10,10,997,25,40,100,0,14,7,2,0,0,5,0A,0A,E8,3,19,0,28,0,64,0,0,0,30,0,0,0,0,0,0,18,0,0,0,0,52,0,0,E0,E9,0, ,Potion,Eyedrop, ,727e8b807e7a878dffff
339,53,Karnak,boss,D02A60,D0514C,E00D8E,Karnak,Karnak_339,10,18,4,0,0,0,0,20,140,25,140,141,19,0A,12,4,0,0,0,0,14,8C,0,19,0,8C,0,8D,0,0,0,10,0,0,0,0,0,4,18,0,0,0,0,53,13,0,E0,E0,0, ,Potion,Potion, ,6a7a8b877a84ffffffff
340,54,Crayclaw,boss,D02A80,D05150,E00D98,Crayclaw,Crayclaw_340,40,37,6,0,25,1,25,10,1993,499,3300,0,43,28,25,6,0,19,1,19,0A,D0,7,F4,1,F0,0C,0,0,0,0,30,0,0,80,0,4,24,18,0,0,0,0,54,2B,0,10,0,40, ,Coral Sword, ,Ice Bow,628b7a927c857a90ffff
341,55,NeoGoblin,boss,D02AA0,D05154,E00DA2,NeoGoblin,NeoGoblin_341,40,15,2,0,0,1,10,10,100,25,40,100,0,28,0F,2,0,0,1,0A,0A,64,0,19,0,28,0,64,0,0,0,0,0,0,0,0,0,0,18,0,0,0,0,55,0,0,0,0,0, , , , ,6d7e8866887b858287ff
342,56,Calofisteri,boss,D02AC0,D05158,E00DAC,Calofisteri,Calofisteri_342,45,66,16,10,50,20,30,10,17930,997,36975,0,68,2D,42,10,0A,32,14,1E,0A,50,46,E8,3,0,91,0,0,3D,0,F0,78,10,0,20,0,A4,18,0,0,0,0,56,44,CA,90,A5,0,Wall Ring,Plumed Hat,DiamndPlt, ,627a8588a58c8d7e8b82
343,57,Apocalypse,boss,D02AE0,D0515C,E00DB6,Apocalypse,Apocalypse_343,45,65,21,10,30,50,70,33,27792,49805,0,0,57,2D,41,15,0A,1E,32,46,21,FC,6C,50,C3,0,0,0,0,2D,0,F4,FC,14,0,0,8,20,18,0,0,0,0,57,39,B1,E3,98,0,Giant's Gloves,Elixir,DarkHood, ,6089887c7a8592898c7e
344,58,Catastroph,boss,D02B00,D05160,E00DC0,Catastroph,Catastroph_344,45,67,18,15,40,20,20,33,19919,19919,45303,0,71,2D,43,12,0F,28,14,14,21,1D,4E,1D,4E,A8,B1,0,0,0,0,F4,5C,10,20,0,0,20,18,0,0,0,0,58,47,F1,E3,0,EC,Cabin,Elixir, ,Soft,627a8d7a8c8d8b888981
345,59,Necrofobia,boss,D02B20,D05164,E00DCA,Necrofobia,Necrofobia_345,47,99,16,10,50,50,50,75,43872,9961,0,0,66,2F,63,10,0A,32,32,32,4B,0C,AC,10,27,0,0,0,0,1E,0,F4,F8,10,0,0,FF,20,18,0,0,2,0,59,42,B0,E3,AB,0,Thief's Glove,Elixir,Lumina Robe, ,6d7e7c8b887f887b827a
346,5A,Twin Tania,boss,D02B40,D05168,E00DD4,Twin_Tania,Twin_Tania_346,35,90,14,0,30,7,16,10,49805,9961,54802,0,39,23,5A,0E,0,1E,7,10,0A,50,C3,10,27,E8,D6,0,0,0,0,F4,F8,10,0,0,90,24,18,0,0,0,0,5A,27,C4,E4,53,0,Flame Shield,Phoenix Down,Tinkerbell, ,7390828796737a87827a
347,5B,Launcher,boss,D02B60,D0516C,E00DDE,Launcher,Launcher_347,20,7,2,0,0,1,10,10,10758,997,0,0,50,14,7,2,0,0,1,0A,0A,30,2A,E8,3,0,0,0,0,0,C8,FF,FF,0,0,0,0,20,98,0,0,0,0,5B,32,0,E2,0,E1, ,Ether, ,HiPotion,6b7a8e877c817e8bffff
348,5C,Launcher,boss,D02B80,D05170,E00DE8,Launcher,Launcher_348,20,7,2,0,0,1,10,10,10758,997,0,0,50,14,7,2,0,0,1,0A,0A,30,2A,E8,3,0,0,0,0,0,C8,FF,FF,0,0,0,0,20,98,0,0,0,0,5B,32,0,E2,0,E1, ,Ether, ,HiPotion,6b7a8e877c817e8bffff
349,5D,Gilgamesh,boss,D02BA0,D05174,E00DF2,Gilgamesh,Gilgamesh_349,65,60,12,0,10,1,15,30,54786,1993,0,0,53,41,3C,0C,0,0A,1,0F,1E,D8,D6,D0,7,0,0,0,0,0,0,F7,FC,10,0,0,0,A0,98,0,0,0,0,5D,35,C2,E1,0,0,Gauntlets,HiPotion, , ,668285807a867e8c81ff
350,5E,Carbunkle,boss,D02BC0,D05178,E00DFC,Carbunkle,Carbunkle_350,25,7,2,10,10,10,0,0,14942,997,0,0,1,19,7,2,0A,0A,0A,0,0,98,3A,E8,3,0,0,0,0,0,0,80,0B,0,0,0,FF,0,18,0,0,0,0,5E,1,F2,CA,E7,0,Giant Drink,Wall Ring,TurtleShell, ,627a8b7b8e8784857eff
351,5F,GrandMummy,boss,D02BE0,D0517C,E00E06,GrandMummy,GrandMummy_351,34,55,16,10,30,5,10,10,5977,299,0,0,0,22,37,10,0A,1E,5,0A,0A,70,17,2C,1,0,0,0,0,0,0,74,F0,10,8,0,1,81,18,0,0,0,0,5F,0,E6,E1,0,E1,Revivify,HiPotion, ,HiPotion,668b7a877d6c8e868692
352,60,Apanda,boss,D02C00,D05180,E00E10,Apanda,Apanda_352,51,73,18,20,23,50,10,30,22114,997,40996,0,59,33,49,12,14,17,32,0A,1E,B8,56,E8,3,C4,A0,0,0,0,0,F4,F0,10,0,0,1,24,18,0,0,0,0,60,3B,62,62,0,62,Soot,Soot, ,Soot,60897a877d7affffffff
353,61,Alte Roite,boss,D02C20,D05184,E00E1A,Alte_Roite,Alte_Roite_353,45,45,20,70,45,5,60,60,5977,997,0,0,58,2D,2D,14,46,2D,5,3C,3C,70,17,E8,3,0,0,0,0,0,0,F0,F0,10,0,0,0,A0,18,0,0,0,0,61,3A,E6,E0,3B,0,Revivify,Potion,Healing Staff, ,60858d7e967188828d7e
354,62,Invisible,boss,D02C40,D05188,E00E24,Invisible,Invisible_354,47,90,11,25,10,0,10,60,6973,997,0,0,52,2F,5A,0B,19,0A,0,0A,3C,58,1B,E8,3,0,0,0,0,0C,20,74,D4,0,0,0,0,A0,18,0,0,0,0,62,34,98,A4,0,0,DarkHood,Stealth Suit, , ,68878f828c827b857eff
355,63,Abductor,boss,D02C60,D0518C,E00E2E,Abductor,Abductor_355,50,80,10,0,5,0,5,10,4981,100,499,0,5,32,50,0A,0,5,0,5,0A,88,13,64,0,F4,1,0,0,0,20,30,0,0,0,40,0,84,18,88,0,0,0,63,5,5A,E1,66,0,Shuriken,HiPotion,Gale Bow, ,607b7d8e7c8d888bffff
356,64,BandelKuar,boss,D02C80,D05190,E00E38,BandelKuar,BandelKuar_356,30,80,11,10,0,0,0,10,7969,997,2491,0,63,1E,50,0B,0A,0,0,0,0A,40,1F,E8,3,C4,9,0,0,0,0,F4,70,10,0,0,1,24,18,0,0,0,0,64,3F,0,EC,E3,0, ,Soft,Elixir, ,617a877d7e856a8e7a8b
357,65,LiquiFlame,boss,D02CA0,D05194,E00E42,LiquiFlame,LiquiFlame_357,30,81,11,0,10,20,0,0,8965,997,2491,0,63,1E,51,0B,0,0A,14,0,0,28,23,E8,3,C4,9,0,0,0,0,F4,F0,10,1,0,82,20,18,0,0,0,0,65,3F,0,ED,FC,0, ,LuckMallet,Flame Scroll, ,6b828a8e8265857a867e
358,66,Kuzar,boss,D02CC0,D05198,E00E4C,Kuzar,Kuzar_358,30,75,15,0,30,0,0,33,9961,997,2491,0,63,1E,4B,0F,0,1E,0,0,21,10,27,E8,3,C4,9,0,0,0,0,F4,70,10,0,0,0,24,18,0,0,0,0,66,3F,0,E1,E4,0, ,HiPotion,Phoenix Down, ,6a8e937a8bffffffffff
359,67,Sol Cannon,boss,D02CE0,D0519C,E00E56,Sol_Cannon,Sol_Cannon_359,30,1,1,0,40,25,0,0,9961,59766,5041,0,61,1E,1,1,0,28,19,0,0,10,27,60,EA,C4,13,0,0,0,0,FF,FF,10,0,0,4,20,18,0,0,0,0,67,3D,AF,E2,E1,0,Guard Ring,Ether,HiPotion, ,72888596627a87878887
360,68,Pantera,boss,D02D00,D051A0,E00E60,Pantera,Pantera_360,30,61,16,10,5,0,15,0,17930,997,0,0,42,1E,3D,10,0A,5,0,0F,0,50,46,E8,3,0,0,0,0,0,0,30,8,0,0,0,1,24,18,0,0,0,0,68,2A,E3,E4,0,0,Elixir,Phoenix Down, , ,6f7a878d7e8b7affffff
361,69,Shinryuu,boss,D02D20,D051A4,E00E6A,Shinryuu,Shinryuu_361,87,175,38,20,60,128,60,95,55284,50801,0,0,97,57,AF,26,14,3C,80,3C,5F,CC,D8,38,C7,0,0,0,0,0,0,F4,F0,10,10,0,0,30,98,0,0,0,0,69,61,4F,EA,0,F7,Dragon's Whisker,DragonFang, ,DrgnCrest,728182878b928e8effff
362,6A,Barrier,boss,D02D40,D051A8,E00E74,Barrier,Barrier_362,1,100,10,0,30,5,10,10,8766,299,0,0,44,1,64,0A,0,1E,5,0A,0A,60,22,2C,1,0,0,0,0,0,20,3F,FB,0,0,0,0,20,98,80,0,80,0,6A,2C,CA,E1,0,0,Wall Ring,HiPotion, , ,617a8b8b827e8bffffff
363,6B,NeoExdeath,boss,D02D60,D051AC,E00E7E,NeoExdeath,NeoExdeath_363,27,99,19,10,30,10,20,75,54786,64747,0,0,83,1B,63,13,0A,1E,0A,14,4B,D8,D6,E8,FD,0,0,0,0,0,0,F4,D8,4,0,0,0,30,18,0,0,0,0,4E,53,20,0,0,0,Dragoon Lance, , , ,ffffffffffffffffffff
364,6C,NeoExdeath,boss,D02D80,D051B0,E00E88,NeoExdeath,NeoExdeath_364,35,99,19,10,30,21,19,80,54786,64747,0,0,67,23,63,13,0A,1E,15,13,50,D8,D6,E8,FD,0,0,0,0,0,0,B4,78,4,0,0,0,24,18,0,0,0,0,4E,43,0,5B,0,0, ,Pinwheel, , ,ffffffffffffffffffff
365,6D,NeoExdeath,boss,D02DA0,D051B4,E00E92,NeoExdeath,NeoExdeath_365,55,99,19,10,30,10,25,76,49805,64747,0,0,81,37,63,13,0A,1E,0A,19,4C,50,C3,E8,FD,0,0,0,0,0,0,F4,F8,0,0,0,0,20,18,0,0,0,0,4E,51,30,0,0,0,Tempest, , , ,ffffffffffffffffffff
366,6E,NeoExdeath,boss,D02DC0,D051B8,E00E9C,NeoExdeath,NeoExdeath_366,35,99,19,10,30,15,20,66,59766,64747,0,0,86,23,63,13,0A,1E,0F,14,42,60,EA,E8,FD,0,0,0,0,0,0,F0,F8,0,0,0,0,80,18,0,0,0,0,4E,56,16,0,0,0,Ragnarok, , , ,ffffffffffffffffffff
367,6F,Gilgamesh,boss,D02DE0,D051BC,E00EA6,Gilgamesh,Gilgamesh_367,88,115,25,30,35,0,0,0,54786,59766,0,0,93,58,73,19,1E,23,0,0,0,D8,D6,60,EA,0,0,0,0,0,0,FF,FF,FF,0,0,0,A0,98,0,0,0,0,6F,5D,0,C8,0,0, ,Genji Armor, , ,ffffffffffffffffffff
